"id","lat","lon","juosta","pavadinimas","kodas","map_id"
0,NULL,NULL,NULL,NULL,"D1",102
1,NULL,NULL,NULL,NULL,"D14",102
2,NULL,NULL,NULL,NULL,"516 D6",516
3,NULL,NULL,NULL,NULL,"153 D12",153
4,NULL,NULL,NULL,NULL,"118 D10",118
5,NULL,NULL,1,NULL,"VD2.1",318
6,NULL,NULL,1,NULL,"vd3.1",1009
7,NULL,NULL,NULL,NULL,"D4",253
8,NULL,NULL,NULL,NULL,"D15",214
9,NULL,NULL,1,NULL,"VD3.1",206
10,NULL,NULL,NULL,NULL,"D4",102
11,NULL,NULL,1,NULL,"VD3.1",104
12,NULL,NULL,NULL,NULL,"702 D7",702
13,NULL,NULL,3,NULL,"VD1.3",107
14,NULL,NULL,NULL,NULL,"107 D9",107
15,NULL,NULL,1,NULL,"VD1.1",512
16,NULL,NULL,1,NULL,"VD10.1",513
18,NULL,NULL,2,NULL,"VD3.2",515
19,NULL,NULL,NULL,NULL,"109 D9",109
20,NULL,NULL,1,NULL,"VD5.1",516
21,NULL,NULL,NULL,NULL,"110 D7",110
22,NULL,NULL,1,NULL,"VD3.1",517
23,NULL,NULL,1,NULL,"VD2.1",518
24,NULL,NULL,2,NULL,"VD1.2",520
26,NULL,NULL,1,NULL,"VD1.1",117
27,NULL,NULL,NULL,NULL,"D3",358
28,NULL,NULL,4,NULL,"VD4.4",782
29,NULL,NULL,1,NULL,"VD1.1",522
30,NULL,NULL,2,NULL,"VD1.2",153
32,NULL,NULL,1,NULL,"VD2.1",114
33,NULL,NULL,NULL,NULL,"114 D14",114
34,NULL,NULL,2,NULL,"VD3.2",551
35,NULL,NULL,1,NULL,"VD3.1",553
36,NULL,NULL,1,NULL,"VD5.1",555
37,NULL,NULL,NULL,NULL,"D6",115
38,NULL,NULL,2,NULL,"VD1.2",555
39,NULL,NULL,NULL,NULL,"D3",116
40,NULL,NULL,NULL,NULL,"D15",116
41,NULL,NULL,2,NULL,"VD3.2",403
42,NULL,NULL,2,NULL,"VD1.2",404
43,NULL,NULL,1,NULL,"VD1.1",401
44,NULL,NULL,2,NULL,"VD4.2",357
45,NULL,NULL,1,NULL,"VD1.1",354
46,NULL,NULL,2,NULL,"VD1.2",353
47,NULL,NULL,2,NULL,"VD1.2",352
49,NULL,NULL,1,NULL,"VD1.1",320
50,NULL,NULL,2,NULL,"VD1.2",318
51,NULL,NULL,1,NULL,"VD3.1",402
52,NULL,NULL,2,NULL,"VD3.2",315
53,NULL,NULL,2,NULL,"VD1.2",314
55,NULL,NULL,1,NULL,"VD7.1",311
56,NULL,NULL,1,NULL,"VD2.1",311
57,NULL,NULL,1,NULL,"VD2.1",309
58,NULL,NULL,2,NULL,"VD6.2",306
59,NULL,NULL,1,NULL,"VD1.1",556
60,NULL,NULL,2,NULL,"vd3.2",1009
61,54.674327,25.20204,2,"Architektų / Erfurto sankryža","VD3.2",1029
62,NULL,NULL,1,NULL,"VD1.1",303
63,NULL,NULL,2,NULL,"VD5.2",302
64,NULL,NULL,1,NULL,"VD5.1",301
65,NULL,NULL,1,NULL,"VD7.1",259
66,NULL,NULL,1,NULL,"VD4.1",258
67,NULL,NULL,1,NULL,"VD3.1",257
68,NULL,NULL,NULL,NULL,"D3",256
69,NULL,NULL,NULL,NULL,"255 D4",255
70,NULL,NULL,NULL,NULL,"D6",252
71,NULL,NULL,NULL,NULL,"D2",253
72,NULL,NULL,NULL,NULL,"D3",253
73,NULL,NULL,NULL,NULL,"D3",251
74,NULL,NULL,1,NULL,"VD1.1",217
75,NULL,NULL,NULL,NULL,"D12",216
76,NULL,NULL,NULL,NULL,"D1",216
77,NULL,NULL,1,NULL,"VD 1.1",608
78,NULL,NULL,2,NULL,"vd6.2",1009
79,NULL,NULL,1,NULL,"VD1.1",1030
80,NULL,NULL,NULL,NULL,"D14",214
81,NULL,NULL,NULL,NULL,"D3",214
82,NULL,NULL,NULL,NULL,"D15",213
83,NULL,NULL,NULL,NULL,"D4",213
84,NULL,NULL,2,NULL,"VD3.2",210
85,NULL,NULL,1,NULL,"VD3.1",210
86,NULL,NULL,2,NULL,"VD12.2",207
87,NULL,NULL,2,NULL,"VD6.2",207
88,NULL,NULL,3,NULL,"VD4.3",206
89,NULL,NULL,NULL,NULL,"D3",608
90,NULL,NULL,NULL,NULL,"D7",206
91,NULL,NULL,1,NULL,"VD2.1",204
92,NULL,NULL,NULL,NULL,"D8",203
93,NULL,NULL,NULL,NULL,"D16",102
94,NULL,NULL,1,NULL,"VD4.1",1031
95,NULL,NULL,1,NULL,"VD6.1",201
96,NULL,NULL,1,NULL,"VD3.1",156
97,NULL,NULL,1,NULL,"VD4.1",156
100,NULL,NULL,NULL,NULL,"D5",102
101,NULL,NULL,1,NULL,"VD1.1",501
102,NULL,NULL,2,NULL,"VD3.2",119
103,NULL,NULL,3,NULL,"VD2.3",101
104,NULL,NULL,NULL,NULL,"D6",101
105,NULL,NULL,1,NULL,"VD1.1",152
106,NULL,NULL,1,NULL,"VD2.1",502
107,NULL,NULL,1,NULL,"VD6.1",502
108,NULL,NULL,2,NULL,"VD1.2",103
109,NULL,NULL,2,NULL,"VD1.2",504
110,NULL,NULL,2,NULL,"VD3.2",104
111,NULL,NULL,3,NULL,"VD1.3",505
112,NULL,NULL,2,NULL,"VD2.2",506
113,NULL,NULL,NULL,NULL,"d4",1008
114,NULL,NULL,1,NULL,"VD6.1",507
115,NULL,NULL,NULL,NULL,"d6",1008
116,NULL,NULL,1,NULL,"VD8.1",106
117,NULL,NULL,NULL,NULL,"1008 D9",1008
118,NULL,NULL,NULL,NULL,"D1",702
119,NULL,NULL,NULL,NULL,"D5",702
120,NULL,NULL,1,NULL,"VD1.1",509
121,NULL,NULL,1,NULL,"VD2.1",509
122,NULL,NULL,2,NULL,"VD2.2",509
123,NULL,NULL,1,NULL,"VD3.1",509
124,NULL,NULL,2,NULL,"VD3.2",509
125,NULL,NULL,1,NULL,"VD4.1",509
126,NULL,NULL,2,NULL,"VD4.2",509
127,NULL,NULL,1,NULL,"VD1.1",510
128,NULL,NULL,1,NULL,"VD1.1",107
129,NULL,NULL,2,NULL,"VD1.2",107
130,NULL,NULL,1,NULL,"VD2.1",107
131,NULL,NULL,2,NULL,"VD2.2",107
132,NULL,NULL,3,NULL,"VD2.3",107
133,NULL,NULL,1,NULL,"VD3.1",107
134,NULL,NULL,2,NULL,"VD3.2",107
135,NULL,NULL,NULL,NULL,"107 D11",107
136,NULL,NULL,NULL,NULL,"107 D10",107
137,NULL,NULL,NULL,NULL,"107 D14",107
138,NULL,NULL,1,NULL,"VD6.1",107
139,NULL,NULL,2,NULL,"VD6.2",107
140,NULL,NULL,2,NULL,"VD1.2",510
141,NULL,NULL,1,NULL,"VD2.1",510
142,NULL,NULL,1,NULL,"VD3.1",510
143,NULL,NULL,1,NULL,"VD4.1",510
144,NULL,NULL,1,NULL,"VD5.1",510
145,NULL,NULL,1,NULL,"VD1.1",511
146,NULL,NULL,1,NULL,"VD2.1",511
147,NULL,NULL,2,NULL,"VD2.2",511
148,NULL,NULL,3,NULL,"VD2.3",511
149,NULL,NULL,1,NULL,"VD3.1",511
150,NULL,NULL,NULL,NULL,"842 D14",842
151,NULL,NULL,2,NULL,"VD1.2",512
153,NULL,NULL,3,NULL,"VD1.3",512
154,NULL,NULL,1,NULL,"VD1.1",118
155,NULL,NULL,1,NULL,"VD2.1",512
156,NULL,NULL,NULL,NULL,"1033 D1",1033
157,NULL,NULL,NULL,NULL,"1033 D7",1033
158,NULL,NULL,1,NULL,"VD1.1",201
159,NULL,NULL,1,NULL,"VD3.1",513
160,NULL,NULL,1,NULL,"VD6.1",513
161,NULL,NULL,1,NULL,"VD7.1",513
162,NULL,NULL,NULL,NULL,"D2",312
163,NULL,NULL,2,NULL,"VD2.2",312
164,NULL,NULL,2,NULL,"VD5.2",312
165,NULL,NULL,1,NULL,"VD1.1",108
166,NULL,NULL,2,NULL,"VD1.2",108
167,NULL,NULL,1,NULL,"VD2.1",108
168,NULL,NULL,2,NULL,"VD2.2",108
177,NULL,NULL,1,NULL,"VD1.1",515
178,NULL,NULL,1,NULL,"VD2.1",515
179,NULL,NULL,2,NULL,"VD2.2",515
180,NULL,NULL,2,NULL,"VD4.2",515
181,NULL,NULL,1,NULL,"VD5.1",515
182,NULL,NULL,1,NULL,"VD1.1",109
183,NULL,NULL,2,NULL,"VD1.2",109
184,NULL,NULL,NULL,NULL,"109 D3",109
185,NULL,NULL,NULL,NULL,"109 D4",109
186,NULL,NULL,1,NULL,"VD4.1",109
187,NULL,NULL,1,NULL,"VD5.1",109
188,NULL,NULL,2,NULL,"VD5.2",109
189,NULL,NULL,NULL,NULL,"109 D8",109
190,NULL,NULL,1,NULL,"VD8.1",109
192,NULL,NULL,2,NULL,"VD5.2",515
195,NULL,NULL,1,NULL,"VD1.1",516
196,NULL,NULL,2,NULL,"VD1.2",516
197,NULL,NULL,3,NULL,"VD1.3",516
198,NULL,NULL,1,NULL,"VD2.1",516
199,NULL,NULL,1,NULL,"VD3.1",516
202,NULL,NULL,1,NULL,"VD1.1",517
203,NULL,NULL,2,NULL,"VD1.2",517
204,NULL,NULL,1,NULL,"VD1.1",110
205,NULL,NULL,2,NULL,"VD1.2",110
206,NULL,NULL,1,NULL,"VD2.1",110
207,NULL,NULL,2,NULL,"VD2.2",110
208,NULL,NULL,3,NULL,"VD2.3",110
209,NULL,NULL,NULL,NULL,"110 D6",110
210,NULL,NULL,1,NULL,"VD5.1",110
211,NULL,NULL,2,NULL,"VD5.2",110
212,NULL,NULL,3,NULL,"VD5.3",110
213,NULL,NULL,1,NULL,"VD6.1",110
214,NULL,NULL,2,NULL,"VD6.2",110
215,NULL,NULL,NULL,NULL,"110 D13",110
216,NULL,NULL,NULL,NULL,"110 D15",110
217,NULL,NULL,NULL,NULL,"110 D16",110
218,NULL,NULL,3,NULL,"VD1.3",517
219,NULL,NULL,1,NULL,"VD2.1",517
220,NULL,NULL,1,NULL,"VD4.1",517
221,NULL,NULL,1,NULL,"VD5.1",517
222,NULL,NULL,1,NULL,"VD6.1",517
223,NULL,NULL,1,NULL,"VD7.1",517
224,NULL,NULL,1,NULL,"VD8.1",517
225,NULL,NULL,2,NULL,"VD8.2",517
226,NULL,NULL,NULL,NULL,"D1",518
227,NULL,NULL,NULL,NULL,"D2",518
229,NULL,NULL,1,NULL,"VD1.1",518
230,NULL,NULL,1,NULL,"VD3.1",518
231,NULL,NULL,1,NULL,"VD4.1",518
232,NULL,NULL,1,NULL,"VD6.1",519
233,NULL,NULL,1,NULL,"VD1.1",519
234,NULL,NULL,1,NULL,"VD2.1",519
235,NULL,NULL,1,NULL,"VD3.1",519
236,NULL,NULL,2,NULL,"VD3.2",519
237,NULL,NULL,1,NULL,"VD4.1",519
238,NULL,NULL,1,NULL,"VD5.1",519
239,NULL,NULL,1,NULL,"VD1.1",520
240,NULL,NULL,1,NULL,"VD1.1",111
241,NULL,NULL,2,NULL,"VD1.2",111
242,NULL,NULL,NULL,NULL,"111 D3",111
243,NULL,NULL,NULL,NULL,"111 D4",111
244,NULL,NULL,1,NULL,"VD4.1",111
245,NULL,NULL,1,NULL,"VD5.1",111
246,NULL,NULL,2,NULL,"VD5.2",111
247,NULL,NULL,NULL,NULL,"111 D8",111
248,NULL,NULL,NULL,NULL,"111 D9",111
249,NULL,NULL,1,NULL,"VD8.1",111
250,NULL,NULL,1,NULL,"VD2.1",520
251,NULL,NULL,1,NULL,"VD3.1",520
252,NULL,NULL,2,NULL,"VD3.2",520
253,NULL,NULL,NULL,NULL,"D1",520
254,NULL,NULL,NULL,NULL,"D2",520
256,NULL,NULL,1,NULL,"VD2.1",521
257,NULL,NULL,1,NULL,"VD1.1",521
258,NULL,NULL,2,NULL,"VD3.2",522
259,NULL,NULL,2,NULL,"VD4.2",522
260,NULL,NULL,2,NULL,"VD1.2",117
261,NULL,NULL,NULL,NULL,"D1",117
262,NULL,NULL,NULL,NULL,"D2",117
263,NULL,NULL,NULL,NULL,"D3",117
264,NULL,NULL,NULL,NULL,"D4",117
265,NULL,NULL,NULL,NULL,"116 D13",116
267,NULL,NULL,NULL,NULL,"116 D14",116
268,NULL,NULL,NULL,NULL,"D1",358
269,NULL,NULL,NULL,NULL,"D2",358
270,NULL,NULL,NULL,NULL,"D4",358
271,NULL,NULL,NULL,NULL,"D5",358
272,NULL,NULL,NULL,NULL,"D6",358
273,NULL,NULL,NULL,NULL,"D7",358
274,NULL,NULL,NULL,NULL,"D8",358
275,NULL,NULL,2,NULL,"VD3.2",782
276,NULL,NULL,2,NULL,"VD3.2",782
277,NULL,NULL,3,NULL,"VD3.3",782
278,NULL,NULL,1,NULL,"VD4.1",782
279,NULL,NULL,2,NULL,"VD4.2",782
280,NULL,NULL,1,NULL,"VD1.1",1019
281,NULL,NULL,2,NULL,"VD1.2",1019
282,NULL,NULL,1,NULL,"VD2.1",1019
283,NULL,NULL,1,NULL,"VD3.1",1019
284,NULL,NULL,2,NULL,"VD3.2",1019
285,NULL,NULL,1,NULL,"VD4.1",1019
286,NULL,NULL,NULL,NULL,"522 D5",522
287,NULL,NULL,3,NULL,"VD1.3",522
288,NULL,NULL,2,NULL,"VD1.2",522
289,NULL,NULL,1,NULL,"VD2.1",522
290,NULL,NULL,1,NULL,"VD4.1",522
291,NULL,NULL,1,NULL,"VD3.1",522
292,NULL,NULL,1,NULL,"VD1.1",523
293,NULL,NULL,1,NULL,"VD5.1",523
294,NULL,NULL,2,NULL,"VD3.2",523
297,NULL,NULL,NULL,NULL,"153 D6",153
298,NULL,NULL,1,NULL,"VD2.1",153
299,NULL,NULL,2,NULL,"VD4.2",153
300,NULL,NULL,1,NULL,"VD1.1",153
301,NULL,NULL,1,NULL,"VD4.1",153
302,NULL,NULL,2,NULL,"VD5.2",153
303,NULL,NULL,NULL,NULL,"153 D7",153
304,NULL,NULL,1,NULL,"VD2.1",523
305,NULL,NULL,2,NULL,"VD2.2",523
306,NULL,NULL,1,NULL,"VD4.1",523
307,NULL,NULL,1,NULL,"VD3.1",523
308,NULL,NULL,2,NULL,"VD1.2",524
309,NULL,NULL,1,NULL,"VD3.1",524
310,NULL,NULL,NULL,NULL,"D1",524
312,NULL,NULL,1,NULL,"VD1.1",524
313,NULL,NULL,2,NULL,"VD2.2",524
314,NULL,NULL,1,NULL,"VD2.1",524
319,NULL,NULL,1,NULL,"VD1.1",114
320,NULL,NULL,2,NULL,"VD2.2",114
321,NULL,NULL,3,NULL,"VD2.3",114
322,NULL,NULL,NULL,NULL,"D5",214
323,NULL,NULL,NULL,NULL,"114 D13",114
324,NULL,NULL,1,NULL,"VD4.1",114
325,NULL,NULL,2,NULL,"VD4.2",114
326,NULL,NULL,3,NULL,"VD4.3",114
328,NULL,NULL,2,NULL,"VD5.2",114
329,NULL,NULL,3,NULL,"VD5.3",114
330,NULL,NULL,NULL,NULL,"114 D6",114
331,NULL,NULL,1,NULL,"VD7.1",114
332,NULL,NULL,1,NULL,"VD8.1",114
333,NULL,NULL,NULL,NULL,"D1",114
334,NULL,NULL,NULL,NULL,"D2",114
338,NULL,NULL,1,NULL,"VD2.1",551
339,NULL,NULL,1,NULL,"VD1.1",551
340,NULL,NULL,1,NULL,"VD3.1",551
341,NULL,NULL,1,NULL,"VD4.1",551
342,NULL,NULL,1,NULL,"VD5.1",552
343,NULL,NULL,1,NULL,"VD3.1",552
344,NULL,NULL,NULL,NULL,"552 D1",552
345,NULL,NULL,1,NULL,"VD2.1",552
346,NULL,NULL,1,NULL,"VD4.1",552
347,NULL,NULL,1,NULL,"VD1.1",553
348,NULL,NULL,1,NULL,"VD2.1",553
349,NULL,NULL,1,NULL,"VD4.1",553
350,NULL,NULL,1,NULL,"VD5.1",554
351,NULL,NULL,1,NULL,"VD3.1",554
352,NULL,NULL,2,NULL,"VD2.2",554
353,NULL,NULL,1,NULL,"VD1.1",554
354,NULL,NULL,2,NULL,"VD5.2",554
355,NULL,NULL,1,NULL,"VD4.1",554
356,NULL,NULL,NULL,NULL,"VD2.1 (554",354
357,NULL,NULL,2,NULL,"VD3.2",554
358,NULL,NULL,2,NULL,"VD1.2",554
359,NULL,NULL,2,NULL,"VD2.2",555
360,NULL,NULL,3,NULL,"VD2.3",555
361,NULL,NULL,1,NULL,"VD1.1",555
362,NULL,NULL,1,NULL,"VD7.1",555
363,NULL,NULL,2,NULL,"VD4.2",555
364,NULL,NULL,1,NULL,"VD3.1",555
365,NULL,NULL,NULL,NULL,"D1",115
366,NULL,NULL,NULL,NULL,"D2",115
367,NULL,NULL,NULL,NULL,"D3",115
368,NULL,NULL,NULL,NULL,"D4",115
369,NULL,NULL,NULL,NULL,"D5",115
370,NULL,NULL,NULL,NULL,"D7",115
371,NULL,NULL,NULL,NULL,"D8",115
372,NULL,NULL,NULL,NULL,"D9",115
373,NULL,NULL,NULL,NULL,"D10",115
374,NULL,NULL,NULL,NULL,"D11",115
375,NULL,NULL,NULL,NULL,"D12",115
376,NULL,NULL,NULL,NULL,"D13",115
377,NULL,NULL,NULL,NULL,"D14",115
378,NULL,NULL,1,NULL,"VD4.1",555
379,NULL,NULL,2,NULL,"VD6.2",555
380,NULL,NULL,2,NULL,"VD3.2",555
381,NULL,NULL,1,NULL,"VD6.1",555
382,NULL,NULL,1,NULL,"VD2.1",555
383,NULL,NULL,3,NULL,"VD1.3",153
384,NULL,NULL,NULL,NULL,"153 D13",153
388,NULL,NULL,NULL,NULL,"116 D1",116
389,NULL,NULL,NULL,NULL,"D2",116
390,NULL,NULL,NULL,NULL,"116 D8",116
391,NULL,NULL,NULL,NULL,"D5",116
392,NULL,NULL,NULL,NULL,"D6",116
393,NULL,NULL,NULL,NULL,"D7",116
394,NULL,NULL,NULL,NULL,"116 D9",116
396,NULL,NULL,NULL,NULL,"D10",116
397,NULL,NULL,NULL,NULL,"D11",116
398,NULL,NULL,NULL,NULL,"116 D12",116
399,NULL,NULL,NULL,NULL,"117 D7",117
400,NULL,NULL,NULL,NULL,"D16",116
401,NULL,NULL,NULL,NULL,"D17",116
405,NULL,NULL,1,NULL,"VD1.1",403
406,NULL,NULL,2,NULL,"VD1.2",403
407,NULL,NULL,3,NULL,"VD1.3",403
408,NULL,NULL,1,NULL,"VD2.1",403
409,NULL,NULL,1,NULL,"VD3.1",403
410,NULL,NULL,1,NULL,"VD4.1",403
411,NULL,NULL,NULL,NULL,"D9",358
412,NULL,NULL,NULL,NULL,"D10",358
413,NULL,NULL,NULL,NULL,"D11",358
414,NULL,NULL,NULL,NULL,"154 D1",154
420,NULL,NULL,1,NULL,"VD2.1",202
421,NULL,NULL,2,NULL,"VD4.2",403
422,NULL,NULL,1,NULL,"VD5.1",403
423,NULL,NULL,2,NULL,"VD5.2",403
424,NULL,NULL,3,NULL,"VD5.3",403
425,NULL,NULL,1,NULL,"VD6.1",403
430,NULL,NULL,2,NULL,"VD1.2",401
431,NULL,NULL,1,NULL,"VD2.1",401
432,NULL,NULL,1,NULL,"VD3.1",401
433,NULL,NULL,1,NULL,"VD4.1",401
434,NULL,NULL,2,NULL,"VD4.2",401
438,NULL,NULL,1,NULL,"VD5.1",357
439,NULL,NULL,3,NULL,"VD4.3",357
440,NULL,NULL,1,NULL,"VD4.1",357
441,NULL,NULL,1,NULL,"VD3.1",357
442,NULL,NULL,1,NULL,"VD2.1",357
443,NULL,NULL,3,NULL,"VD1.3",357
444,NULL,NULL,2,NULL,"VD1.2",357
445,NULL,NULL,1,NULL,"vd1.1",357
447,NULL,NULL,2,NULL,"VD2.2",354
448,NULL,NULL,NULL,NULL,"354 D3",354
449,NULL,NULL,NULL,NULL,"354 D2",354
450,NULL,NULL,2,NULL,"VD6.2",353
451,NULL,NULL,1,NULL,"VD6.1",353
452,NULL,NULL,2,NULL,"VD5.2",353
453,NULL,NULL,NULL,NULL,"VD5.1 (2K)",353
454,NULL,NULL,2,NULL,"VD4.2",353
455,NULL,NULL,1,NULL,"VD4.1",353
456,NULL,NULL,3,NULL,"VD3.3",353
457,NULL,NULL,2,NULL,"VD3.2",353
458,NULL,NULL,1,NULL,"VD3.1",353
459,NULL,NULL,1,NULL,"VD2.1",353
460,NULL,NULL,1,NULL,"VD1.1",353
463,NULL,NULL,2,NULL,"VD4.2",352
464,NULL,NULL,1,NULL,"VD4.1",352
465,NULL,NULL,3,NULL,"VD3.3",352
466,NULL,NULL,2,NULL,"VD3.2",352
467,NULL,NULL,1,NULL,"VD3.1",352
468,NULL,NULL,1,NULL,"VD2.1",352
469,NULL,NULL,3,NULL,"VD1.3",352
470,NULL,NULL,1,NULL,"VD1.1",352
475,NULL,NULL,2,NULL,"VD2.2",153
479,NULL,NULL,1,NULL,"VD5.1",153
480,NULL,NULL,2,NULL,"VD2.2",321
481,NULL,NULL,1,NULL,"VD2.1",321
482,NULL,NULL,2,NULL,"VD1.2",321
483,NULL,NULL,1,NULL,"VD1.1",321
484,NULL,NULL,1,NULL,"VD3.1",202
485,NULL,NULL,1,NULL,"VD4.1",320
486,NULL,NULL,1,NULL,"VD3.1",320
487,NULL,NULL,2,NULL,"VD2.2",320
488,NULL,NULL,1,NULL,"VD2.1",320
489,NULL,NULL,2,NULL,"VD1.2",320
490,NULL,NULL,1,NULL,"VD1.1",402
492,NULL,NULL,NULL,NULL,"D4",319
493,NULL,NULL,NULL,NULL,"D3",319
494,NULL,NULL,2,NULL,"VD2.2",319
495,NULL,NULL,1,NULL,"VD2.1",319
496,NULL,NULL,2,NULL,"VD1.2",319
497,NULL,NULL,1,NULL,"VD1.1",319
499,NULL,NULL,2,NULL,"VD2.2",318
500,NULL,NULL,1,NULL,"VD1.1",318
502,NULL,NULL,2,NULL,"VD1.2",317
503,NULL,NULL,1,NULL,"VD2.1",317
505,NULL,NULL,1,NULL,"VD1.1",317
506,NULL,NULL,2,NULL,"VD1.2",402
507,NULL,NULL,1,NULL,"VD2.1",402
508,NULL,NULL,2,NULL,"VD2.2",402
509,NULL,NULL,3,NULL,"VD2.3",402
510,NULL,NULL,2,NULL,"VD3.2",402
511,NULL,NULL,3,NULL,"VD1.3",118
514,NULL,NULL,2,NULL,"VD6.2",315
515,NULL,NULL,1,NULL,"VD6.1",315
516,NULL,NULL,2,NULL,"VD5.2",315
517,NULL,NULL,1,NULL,"VD5.1",315
518,NULL,NULL,2,NULL,"VD4.2",315
519,NULL,NULL,1,NULL,"VD4.1",315
520,NULL,NULL,1,NULL,"VD3.1",315
521,NULL,NULL,1,NULL,"VD2.1",315
522,NULL,NULL,2,NULL,"VD1.2",315
523,NULL,NULL,1,NULL,"VD1.1",315
525,NULL,NULL,1,NULL,"VD5.1",314
526,NULL,NULL,1,NULL,"VD4.1",314
527,NULL,NULL,1,NULL,"VD3.1",314
528,NULL,NULL,2,NULL,"VD2.2",314
529,NULL,NULL,1,NULL,"VD2.1",314
530,NULL,NULL,1,NULL,"VD1.1",314
533,NULL,NULL,1,NULL,"VD2.1",313
534,NULL,NULL,2,NULL,"VD1.2",313
535,NULL,NULL,1,NULL,"VD1.1",313
548,NULL,NULL,2,NULL,"VD8.2",311
549,NULL,NULL,1,NULL,"VD8.1",311
556,NULL,NULL,1,NULL,"VD4.1",311
557,NULL,NULL,2,NULL,"VD3.2",311
558,NULL,NULL,1,NULL,"VD3.1",311
559,NULL,NULL,2,NULL,"VD2.2",311
560,NULL,NULL,3,NULL,"VD1.3",311
561,NULL,NULL,2,NULL,"VD1.2",311
562,NULL,NULL,1,NULL,"VD1.1",311
563,NULL,NULL,3,NULL,"VD5.3",311
564,NULL,NULL,2,NULL,"VD2.2",310
565,NULL,NULL,1,NULL,"VD2.1",310
566,NULL,NULL,2,NULL,"VD1.2",310
567,NULL,NULL,1,NULL,"VD1.1",310
569,NULL,NULL,2,NULL,"VD2.2",309
570,NULL,NULL,2,NULL,"VD1.2",309
571,NULL,NULL,1,NULL,"VD1.1",309
573,NULL,NULL,2,NULL,"VD2.2",308
574,NULL,NULL,1,NULL,"VD2.1",308
575,NULL,NULL,2,NULL,"VD1.2",308
576,NULL,NULL,1,NULL,"VD1.1",308
578,NULL,NULL,2,NULL,"VD7.2",306
579,NULL,NULL,1,NULL,"VD7.1",306
580,NULL,NULL,1,NULL,"VD6.1",306
581,NULL,NULL,1,NULL,"VD5.1",306
582,NULL,NULL,1,NULL,"VD4.1",306
583,NULL,NULL,2,NULL,"VD3.2",306
584,NULL,NULL,1,NULL,"VD3.1",306
585,NULL,NULL,2,NULL,"VD2.2",306
586,NULL,NULL,1,NULL,"VD2.1",306
587,NULL,NULL,1,NULL,"VD1.1",306
589,NULL,NULL,NULL,NULL,"211 D14",211
590,NULL,NULL,1,NULL,"VD2.1",556
591,NULL,NULL,1,NULL,"VD3.1",556
592,NULL,NULL,1,NULL,"VD4.1",556
593,NULL,NULL,NULL,NULL,"1005 D3",1005
594,NULL,NULL,NULL,NULL,"1005 D8",1005
595,NULL,NULL,NULL,NULL,"1009 D1",1009
596,NULL,NULL,2,NULL,"vd1.2",1009
597,NULL,NULL,3,NULL,"vd1.3",1009
598,NULL,NULL,1,NULL,"vd2.1",1009
599,NULL,NULL,2,NULL,"vd2.2",1009
600,NULL,NULL,1,NULL,"vd4.1",1009
601,NULL,NULL,1,NULL,"VD4.1",402
604,54.673557,25.200817,1,"Architektų / Erfurto sankryža","VD1.1",1029
605,54.673557,25.200817,2,"Architektų / Erfurto sankryža","VD1.2",1029
606,54.673557,25.200817,3,"Architektų / Erfurto sankryža","VD1.3",1029
607,54.674296,25.200946,1,"Architektų / Erfurto sankryža","VD2.1",1029
608,54.674296,25.200946,2,"Architektų / Erfurto sankryža","VD2.2",1029
609,54.674327,25.20204,1,"Architektų / Erfurto sankryža","VD3.1",1029
611,NULL,NULL,1,NULL,"VD3.1",304
612,NULL,NULL,2,NULL,"VD2.2",304
613,NULL,NULL,1,NULL,"VD2.1",304
614,NULL,NULL,2,NULL,"VD1.2",304
615,NULL,NULL,1,NULL,"VD1.1",304
617,NULL,NULL,2,NULL,"VD2.2",303
618,NULL,NULL,1,NULL,"VD2.1",303
619,NULL,NULL,2,NULL,"VD1.2",303
624,NULL,NULL,3,NULL,"VD7.3",302
625,NULL,NULL,2,NULL,"VD7.2",302
626,NULL,NULL,1,NULL,"VD7.1",302
627,NULL,NULL,3,NULL,"VD6.3",302
628,NULL,NULL,2,NULL,"VD6.2",302
629,NULL,NULL,1,NULL,"VD6.1",302
631,NULL,NULL,1,NULL,"VD5.1",302
632,NULL,NULL,2,NULL,"VD4.2",302
633,NULL,NULL,1,NULL,"VD4.1",302
634,NULL,NULL,1,NULL,"VD3.1",302
635,NULL,NULL,1,NULL,"VD2.1",302
636,NULL,NULL,2,NULL,"VD1.2",302
637,NULL,NULL,1,NULL,"VD1.1",302
640,NULL,NULL,1,NULL,"VD4.1",301
641,NULL,NULL,2,NULL,"VD3.2",301
642,NULL,NULL,1,NULL,"VD3.1",301
643,NULL,NULL,3,NULL,"VD2.3",301
644,NULL,NULL,2,NULL,"VD2.2",301
645,NULL,NULL,1,NULL,"VD2.1",301
646,NULL,NULL,2,NULL,"VD1.2",301
647,NULL,NULL,1,NULL,"VD1.1",301
648,NULL,NULL,2,NULL,"VD1.2",118
649,NULL,NULL,1,NULL,"VD8.1",259
650,NULL,NULL,1,NULL,"VD6.1",259
651,NULL,NULL,NULL,NULL,"VD52.",259
652,NULL,NULL,1,NULL,"VD5.1",259
653,NULL,NULL,1,NULL,"VD4.1",259
654,NULL,NULL,1,NULL,"VD3.1",259
655,NULL,NULL,1,NULL,"VD2.1",259
656,NULL,NULL,2,NULL,"VD1.2",259
657,NULL,NULL,1,NULL,"VD1.1",259
659,NULL,NULL,2,NULL,"VD4.2",258
660,NULL,NULL,2,NULL,"VD3.2",258
661,NULL,NULL,1,NULL,"VD3.1",258
662,NULL,NULL,2,NULL,"VD2.2",258
663,NULL,NULL,1,NULL,"VD2.1",258
664,NULL,NULL,1,NULL,"VD1.1",258
665,NULL,NULL,1,NULL,"VD6.1",257
666,NULL,NULL,1,NULL,"VD5.1",257
667,NULL,NULL,2,NULL,"VD4.2",257
668,NULL,NULL,1,NULL,"VD4.1",257
669,NULL,NULL,2,NULL,"VD3.2",257
670,NULL,NULL,2,NULL,"VD2.2",257
671,NULL,NULL,1,NULL,"VD2.1",257
672,NULL,NULL,1,NULL,"VD1.1",257
673,NULL,NULL,NULL,NULL,"D10",256
674,NULL,NULL,NULL,NULL,"D9",256
675,NULL,NULL,NULL,NULL,"D8",256
676,NULL,NULL,NULL,NULL,"D7",256
677,NULL,NULL,NULL,NULL,"D6",256
678,NULL,NULL,NULL,NULL,"D5",256
679,NULL,NULL,NULL,NULL,"D4",256
680,NULL,NULL,NULL,NULL,"D2",256
681,NULL,NULL,NULL,NULL,"D1",256
682,NULL,NULL,NULL,NULL,"D12",255
683,NULL,NULL,NULL,NULL,"D11",255
684,NULL,NULL,NULL,NULL,"D10",255
685,NULL,NULL,NULL,NULL,"D9",255
686,NULL,NULL,NULL,NULL,"D8",255
687,NULL,NULL,NULL,NULL,"D7",255
688,NULL,NULL,NULL,NULL,"D6",255
689,NULL,NULL,NULL,NULL,"D5",255
690,NULL,NULL,NULL,NULL,"255 D3",255
691,NULL,NULL,NULL,NULL,"D4",252
693,NULL,NULL,NULL,NULL,"D11",251
694,NULL,NULL,NULL,NULL,"D14",251
695,NULL,NULL,NULL,NULL,"D1",254
697,NULL,NULL,NULL,NULL,"D9",252
699,NULL,NULL,NULL,NULL,"D1",251
700,NULL,NULL,NULL,NULL,"D1",253
701,NULL,NULL,NULL,NULL,"D1",252
702,NULL,NULL,NULL,NULL,"D9",251
703,NULL,NULL,NULL,NULL,"D10",252
704,NULL,NULL,NULL,NULL,"D10",251
705,NULL,NULL,NULL,NULL,"D4",251
706,NULL,NULL,NULL,NULL,"D13",251
707,NULL,NULL,NULL,NULL,"D1",255
708,NULL,NULL,NULL,NULL,"D3",252
709,NULL,NULL,NULL,NULL,"D8",251
710,NULL,NULL,NULL,NULL,"D3",102
711,NULL,NULL,NULL,NULL,"D6",251
712,NULL,NULL,NULL,NULL,"D8",252
713,NULL,NULL,NULL,NULL,"251 D12",251
714,NULL,NULL,NULL,NULL,"D7",252
715,NULL,NULL,NULL,NULL,"D3",253
716,NULL,NULL,NULL,NULL,"D9",254
717,NULL,NULL,NULL,NULL,"D11",252
718,NULL,NULL,NULL,NULL,"D2",252
719,NULL,NULL,NULL,NULL,"D7",254
720,NULL,NULL,NULL,NULL,"D4",254
721,NULL,NULL,NULL,NULL,"D2",254
722,NULL,NULL,NULL,NULL,"D5",251
723,NULL,NULL,NULL,NULL,"D2",255
724,NULL,NULL,NULL,NULL,"D12",251
725,NULL,NULL,NULL,NULL,"D6",254
726,NULL,NULL,NULL,NULL,"D5",252
727,NULL,NULL,NULL,NULL,"D2",251
728,NULL,NULL,NULL,NULL,"D7",251
729,NULL,NULL,NULL,NULL,"D8",254
730,NULL,NULL,NULL,NULL,"D6",102
732,NULL,NULL,NULL,NULL,"D13",252
733,NULL,NULL,NULL,NULL,"D5",254
734,54.67375,25.202115,1,"Architektų / Erfurto sankryža","VD4.1",1029
735,54.67375,25.202115,2,"Architektų / Erfurto sankryža","1029 D9",1029
737,NULL,NULL,2,NULL,"VD2.2",217
738,NULL,NULL,1,NULL,"VD2.1",217
739,NULL,NULL,2,NULL,"VD1.2",217
740,NULL,NULL,1,NULL,"VD2.1",118
742,NULL,NULL,NULL,NULL,"D20",216
743,NULL,NULL,NULL,NULL,"D19",216
744,NULL,NULL,NULL,NULL,"D18",216
745,NULL,NULL,NULL,NULL,"D17",216
746,NULL,NULL,NULL,NULL,"D16",216
747,NULL,NULL,NULL,NULL,"D15",216
748,NULL,NULL,NULL,NULL,"D14",216
749,NULL,NULL,NULL,NULL,"D13",216
750,NULL,NULL,1,NULL,"VD11.1",215
751,NULL,NULL,NULL,NULL,"D10",216
752,NULL,NULL,NULL,NULL,"D9",216
753,NULL,NULL,NULL,NULL,"D8",216
754,NULL,NULL,NULL,NULL,"D7",216
755,NULL,NULL,NULL,NULL,"D6",216
756,NULL,NULL,NULL,NULL,"D5",216
757,NULL,NULL,NULL,NULL,"D4",216
758,NULL,NULL,NULL,NULL,"D3",216
759,NULL,NULL,NULL,NULL,"D2",216
760,54.67375,25.202115,3,"Architektų / Erfurto sankryža","VD4.3",1029
761,NULL,NULL,1,NULL,"VD1.1",609
762,NULL,NULL,1,NULL,"VD2.1",609
763,NULL,NULL,2,NULL,"VD2.2",609
764,NULL,NULL,1,NULL,"VD3.1",609
765,NULL,NULL,2,NULL,"VD3.2",609
766,NULL,NULL,1,NULL,"VD4.1",609
770,NULL,NULL,NULL,NULL,"D2",608
771,NULL,NULL,NULL,NULL,"121 D8",121
776,NULL,NULL,2,NULL,"vd4.2",1009
777,NULL,NULL,NULL,NULL,"1009 D10",1009
778,NULL,NULL,2,NULL,"vd5.2",1009
779,NULL,NULL,1,NULL,"vd6.1",1009
782,NULL,NULL,1,NULL,"VD1.1",1027
783,NULL,NULL,2,NULL,"VD1.2",1027
784,NULL,NULL,1,NULL,"VD2.1",1027
785,NULL,NULL,2,NULL,"VD2.2",1027
786,NULL,NULL,1,NULL,"VD3.1",1027
787,NULL,NULL,2,NULL,"VD3.2",1027
788,NULL,NULL,1,NULL,"VD4.1",1027
789,NULL,NULL,2,NULL,"VD4.2",1027
790,NULL,NULL,1,NULL,"VD2.1",1030
791,NULL,NULL,1,NULL,"VD3.1",1030
792,NULL,NULL,1,NULL,"VD4.1",1030
793,NULL,NULL,1,NULL,"VD1.1",1031
794,NULL,NULL,2,NULL,"VD1.2",1031
799,NULL,NULL,NULL,NULL,"D16",214
800,NULL,NULL,NULL,NULL,"D13",214
801,NULL,NULL,NULL,NULL,"D12",214
802,NULL,NULL,NULL,NULL,"D11",214
803,NULL,NULL,NULL,NULL,"D10",214
804,NULL,NULL,NULL,NULL,"214 D9",214
805,NULL,NULL,NULL,NULL,"D8",214
806,NULL,NULL,NULL,NULL,"D7",214
807,NULL,NULL,NULL,NULL,"D6",214
808,NULL,NULL,NULL,NULL,"214 D5",214
809,NULL,NULL,NULL,NULL,"D4",214
810,NULL,NULL,NULL,NULL,"214 D2",214
811,NULL,NULL,NULL,NULL,"D1",214
812,NULL,NULL,NULL,NULL,"D23",213
813,NULL,NULL,NULL,NULL,"D22",213
814,NULL,NULL,NULL,NULL,"D21",213
815,NULL,NULL,NULL,NULL,"D20",213
816,NULL,NULL,NULL,NULL,"D19",213
817,NULL,NULL,NULL,NULL,"D18",213
818,NULL,NULL,NULL,NULL,"D17",213
819,NULL,NULL,NULL,NULL,"D16",213
820,NULL,NULL,NULL,NULL,"D14",213
821,NULL,NULL,NULL,NULL,"D13",213
822,NULL,NULL,NULL,NULL,"D12",213
823,NULL,NULL,NULL,NULL,"D11",213
824,NULL,NULL,NULL,NULL,"D10",213
825,NULL,NULL,NULL,NULL,"D9",213
826,NULL,NULL,NULL,NULL,"D8",213
827,NULL,NULL,NULL,NULL,"D7",213
828,NULL,NULL,NULL,NULL,"D6",213
829,NULL,NULL,NULL,NULL,"D5",213
830,NULL,NULL,NULL,NULL,"D3",213
831,NULL,NULL,NULL,NULL,"D2",213
832,NULL,NULL,NULL,NULL,"D1",213
834,NULL,NULL,2,NULL,"VD7.2",210
835,NULL,NULL,1,NULL,"VD7.1",210
836,NULL,NULL,1,NULL,"VD6.1",210
837,NULL,NULL,1,NULL,"VD5.1",210
839,NULL,NULL,3,NULL,"VD3.3",210
840,NULL,NULL,1,NULL,"VD 3.1",210
841,NULL,NULL,NULL,NULL,"VD2.1 ",210
842,NULL,NULL,1,NULL,"VD2.1",210
843,NULL,NULL,2,NULL,"VD1.2",210
844,NULL,NULL,1,NULL,"VD1.1",211
846,NULL,NULL,1,NULL,"VD5.1",210
847,NULL,NULL,2,NULL,"VD4.2",210
848,NULL,NULL,1,NULL,"VD4.1",210
849,NULL,NULL,2,NULL,"VD3.2",210
850,NULL,NULL,2,NULL,"VD2.2",210
851,NULL,NULL,1,NULL,"VD2.1",210
852,NULL,NULL,2,NULL,"VD1.2",210
853,NULL,NULL,1,NULL,"VD1.1",210
855,NULL,NULL,2,NULL,"VD2.2",209
856,NULL,NULL,1,NULL,"VD2.1",209
857,NULL,NULL,2,NULL,"VD1.2",209
859,NULL,NULL,3,NULL,"VD12.3",207
860,NULL,NULL,1,NULL,"VD12.1",207
861,NULL,NULL,1,NULL,"VD11.1",207
862,NULL,NULL,2,NULL,"VD10.2",207
863,NULL,NULL,1,NULL,"VD10.1",207
864,NULL,NULL,3,NULL,"VD9.3",207
865,NULL,NULL,2,NULL,"VD9.2",207
866,NULL,NULL,1,NULL,"VD9.1",207
867,NULL,NULL,1,NULL,"VD8.1",207
868,NULL,NULL,2,NULL,"VD7.2",207
869,NULL,NULL,1,NULL,"VD7.1",207
870,NULL,NULL,1,NULL,"VD6.1",207
871,NULL,NULL,2,NULL,"VD5.2",207
872,NULL,NULL,1,NULL,"VD5.1",207
874,NULL,NULL,2,NULL,"VD3.2",207
875,NULL,NULL,1,NULL,"VD3.1",207
876,NULL,NULL,1,NULL,"VD2.1",207
877,NULL,NULL,2,NULL,"VD1.2",207
878,NULL,NULL,NULL,NULL,"207 D1",207
879,NULL,NULL,2,NULL,"VD2.2",156
880,NULL,NULL,NULL,NULL,"D2",206
881,NULL,NULL,NULL,NULL,"D5",206
882,NULL,NULL,NULL,NULL,"D9",206
883,NULL,NULL,3,NULL,"VD3.3",206
884,NULL,NULL,1,NULL,"VD4.1",206
885,NULL,NULL,NULL,NULL,"D3",206
886,NULL,NULL,1,NULL,"VD1.1",206
887,NULL,NULL,2,NULL,"VD4.2",206
888,NULL,NULL,1,NULL,"VD2.1",206
889,NULL,NULL,NULL,NULL,"D8",206
890,NULL,NULL,NULL,NULL,"D6",206
891,NULL,NULL,2,NULL,"VD1.2",206
892,NULL,NULL,NULL,NULL,"D4",206
893,NULL,NULL,2,NULL,"VD2.2",206
894,NULL,NULL,NULL,NULL,"D4",608
895,NULL,NULL,NULL,NULL,"D5",608
896,NULL,NULL,NULL,NULL,"D6",608
897,NULL,NULL,2,NULL,"VD3.2",206
898,NULL,NULL,3,NULL,"VD1.3",206
899,NULL,NULL,NULL,NULL,"D1",206
901,NULL,NULL,2,NULL,"VD2.2",205
902,NULL,NULL,1,NULL,"VD2.1",205
903,NULL,NULL,2,NULL,"VD1.2",205
904,NULL,NULL,1,NULL,"VD1.1",205
906,NULL,NULL,1,NULL,"VD5.1",204
907,NULL,NULL,1,NULL,"VD4.1",204
908,NULL,NULL,1,NULL,"VD3.1",204
909,NULL,NULL,2,NULL,"VD2.2",204
910,NULL,NULL,2,NULL,"VD1.2",204
911,NULL,NULL,1,NULL,"VD1.1",204
912,NULL,NULL,NULL,NULL,"D16",203
913,NULL,NULL,NULL,NULL,"D15",203
914,NULL,NULL,NULL,NULL,"D14",203
915,NULL,NULL,NULL,NULL,"D13",203
916,NULL,NULL,NULL,NULL,"D12",203
917,NULL,NULL,NULL,NULL,"D11",203
918,NULL,NULL,NULL,NULL,"D10",203
919,NULL,NULL,NULL,NULL,"D9",203
920,NULL,NULL,NULL,NULL,"D7",203
921,NULL,NULL,NULL,NULL,"D6",203
922,NULL,NULL,NULL,NULL,"D5",203
923,NULL,NULL,NULL,NULL,"D4",203
924,NULL,NULL,NULL,NULL,"D3",203
925,NULL,NULL,NULL,NULL,"D2",203
926,NULL,NULL,NULL,NULL,"D1",203
927,NULL,NULL,NULL,NULL,"D7",608
928,NULL,NULL,NULL,NULL,"D9",102
929,NULL,NULL,NULL,NULL,"D15",102
934,NULL,NULL,2,NULL,"VD2.2",202
935,NULL,NULL,1,NULL,"VD4.1",202
936,NULL,NULL,1,NULL,"VD2.1",1031
937,NULL,NULL,2,NULL,"VD2.2",1031
938,NULL,NULL,1,NULL,"VD3.1",1031
939,NULL,NULL,2,NULL,"VD3.2",1031
940,NULL,NULL,2,NULL,"VD4.2",1031
941,NULL,NULL,1,NULL,"VD5.1",202
942,NULL,NULL,1,NULL,"VD1.1",202
943,NULL,NULL,2,NULL,"VD5.2",202
945,NULL,NULL,2,NULL,"VD8.2",201
946,NULL,NULL,1,NULL,"VD8.1",201
947,NULL,NULL,2,NULL,"VD7.2",201
948,NULL,NULL,1,NULL,"VD7.1",201
949,NULL,NULL,2,NULL,"VD6.2",201
950,NULL,NULL,1,NULL,"VD5.1",201
951,NULL,NULL,1,NULL,"VD4.1",201
952,NULL,NULL,3,NULL,"VD3.3",201
953,NULL,NULL,2,NULL,"VD3.2",201
954,NULL,NULL,1,NULL,"VD3.1",201
955,NULL,NULL,1,NULL,"VD2.1",201
958,NULL,NULL,1,NULL,"VD1.1",156
959,NULL,NULL,2,NULL,"VD1.2",202
962,NULL,NULL,1,NULL,"VD5.1",156
963,NULL,NULL,2,NULL,"VD5.2",156
965,NULL,NULL,2,NULL,"VD4.2",202
968,NULL,NULL,1,NULL,"VD2.1",156
970,NULL,NULL,2,NULL,"VD3.2",156
971,NULL,NULL,2,NULL,"VD4.2",156
994,NULL,NULL,NULL,NULL,"152 D9",152
995,NULL,NULL,1,NULL,"VD6.1",152
996,NULL,NULL,NULL,NULL,"152 D7",152
997,NULL,NULL,2,NULL,"VD4.2",152
998,NULL,NULL,1,NULL,"VD4.1",152
999,NULL,NULL,1,NULL,"VD3.1",152
1000,NULL,NULL,NULL,NULL,"D7",102
1001,NULL,NULL,NULL,NULL,"D8",102
1002,NULL,NULL,NULL,NULL,"102 D10",102
1003,NULL,NULL,NULL,NULL,"102 D11",102
1004,NULL,NULL,NULL,NULL,"D12",102
1005,NULL,NULL,NULL,NULL,"D13",102
1006,NULL,NULL,NULL,NULL,"D12",102
1007,NULL,NULL,NULL,NULL,"501 D8",501
1008,NULL,NULL,1,NULL,"VD1.1",861
1009,NULL,NULL,2,NULL,"VD1.2",861
1010,NULL,NULL,2,NULL,"VD1.2",501
1011,NULL,NULL,1,NULL,"VD2.1",501
1012,NULL,NULL,1,NULL,"VD3.1",501
1013,NULL,NULL,NULL,NULL,"D5",451
1014,NULL,NULL,1,NULL,"VD5.1",501
1015,NULL,NULL,1,NULL,"VD1.1",119
1016,NULL,NULL,2,NULL,"VD1.2",119
1017,NULL,NULL,1,NULL,"VD2.1",119
1018,NULL,NULL,NULL,NULL,"D2",121
1019,NULL,NULL,1,NULL,"VD3.1",119
1020,NULL,NULL,1,NULL,"VD5.1",119
1021,NULL,NULL,2,NULL,"VD5.2",119
1022,NULL,NULL,1,NULL,"VD4.1",119
1023,NULL,NULL,2,NULL,"VD4.2",119
1024,NULL,NULL,1,NULL,"VD1.1",120
1025,NULL,NULL,1,NULL,"VD2.1",120
1026,NULL,NULL,1,NULL,"VD2.1",152
1027,NULL,NULL,1,NULL,"VD1.1",101
1028,NULL,NULL,2,NULL,"VD1.2",101
1029,NULL,NULL,3,NULL,"VD1.3",101
1030,NULL,NULL,2,NULL,"VD2.2",101
1031,NULL,NULL,1,NULL,"VD2.1",101
1032,NULL,NULL,1,NULL,"VD3.1",101
1033,NULL,NULL,1,NULL,"VD4.1",101
1034,NULL,NULL,2,NULL,"VD4.2",101
1035,NULL,NULL,NULL,NULL,"D1",101
1036,NULL,NULL,NULL,NULL,"D2",101
1037,NULL,NULL,NULL,NULL,"D3",101
1038,NULL,NULL,NULL,NULL,"D4",101
1039,NULL,NULL,NULL,NULL,"D5",101
1040,NULL,NULL,NULL,NULL,"D7",101
1041,NULL,NULL,NULL,NULL,"D8",101
1043,NULL,NULL,3,NULL,"VD4.3",118
1045,NULL,NULL,1,NULL,"VD4.1",118
1046,NULL,NULL,2,NULL,"VD4.2",118
1047,NULL,NULL,2,NULL,"VD2.2",151
1048,NULL,NULL,NULL,NULL,"118 D11",118
1049,NULL,NULL,2,NULL,"VD1.2",152
1050,NULL,NULL,NULL,NULL,"118 D12",118
1051,NULL,NULL,NULL,NULL,"D1",121
1052,NULL,NULL,NULL,NULL,"D10",121
1053,NULL,NULL,NULL,NULL,"D11",121
1054,NULL,NULL,1,NULL,"VD3.1",861
1055,NULL,NULL,NULL,NULL,"118 D5",118
1056,NULL,NULL,2,NULL,"VD3.2",861
1057,NULL,NULL,1,NULL,"VD1.1",502
1058,NULL,NULL,NULL,NULL,"D9",121
1059,NULL,NULL,NULL,NULL,"502 D10",502
1060,NULL,NULL,NULL,NULL,"D7",121
1061,NULL,NULL,1,NULL,"VD3.1",502
1062,NULL,NULL,NULL,NULL,"121 D3",121
1063,NULL,NULL,NULL,NULL,"D5",121
1064,NULL,NULL,1,NULL,"VD4.1",502
1065,NULL,NULL,NULL,NULL,"121 D32",121
1066,NULL,NULL,NULL,NULL,"121 D4",121
1067,NULL,NULL,2,NULL,"VD4.2",502
1068,NULL,NULL,1,NULL,"VD5.1",502
1069,NULL,NULL,1,NULL,"VD5.1",502
1070,NULL,NULL,1,NULL,"VD7.1",502
1071,NULL,NULL,1,NULL,"VD4.1",861
1072,NULL,NULL,2,NULL,"VD4.2",861
1073,NULL,NULL,1,NULL,"VD1.1",503
1074,NULL,NULL,2,NULL,"VD1.2",503
1075,NULL,NULL,1,NULL,"VD2.1",503
1076,NULL,NULL,1,NULL,"VD3.1",503
1077,NULL,NULL,2,NULL,"VD3.2",503
1078,NULL,NULL,1,NULL,"VD4.1",503
1079,NULL,NULL,1,NULL,"VD1.1",103
1080,NULL,NULL,3,NULL,"VD1.3",103
1081,NULL,NULL,1,NULL,"VD2.1",103
1082,NULL,NULL,2,NULL,"VD2.2",103
1083,NULL,NULL,3,NULL,"VD2.3",103
1084,NULL,NULL,1,NULL,"VD5.1",861
1085,NULL,NULL,1,NULL,"VD5.1",503
1086,NULL,NULL,1,NULL,"VD6.1",503
1087,NULL,NULL,2,NULL,"VD6.2",503
1088,NULL,NULL,1,NULL,"VD7.1",503
1089,NULL,NULL,1,NULL,"VD1.1",504
1090,NULL,NULL,1,NULL,"VD2.1",504
1091,NULL,NULL,2,NULL,"VD2.2",504
1092,NULL,NULL,1,NULL,"VD3.1",504
1093,NULL,NULL,2,NULL,"VD3.2",504
1094,NULL,NULL,1,NULL,"VD1.1",104
1095,NULL,NULL,2,NULL,"VD1.2",104
1096,NULL,NULL,3,NULL,"VD1.3",104
1097,NULL,NULL,1,NULL,"VD2.1",104
1098,NULL,NULL,2,NULL,"VD2.2",104
1099,NULL,NULL,3,NULL,"VD2.3",104
1100,NULL,NULL,3,NULL,"VD3.3",104
1101,NULL,NULL,1,NULL,"VD6.1",861
1102,NULL,NULL,1,NULL,"VD4.1",504
1103,NULL,NULL,1,NULL,"VD5.1",504
1104,NULL,NULL,2,NULL,"VD5.2",504
1105,NULL,NULL,2,NULL,"VD6.2",861
1106,NULL,NULL,NULL,NULL,"d8",1008
1107,NULL,NULL,NULL,NULL,"d2",1008
1108,NULL,NULL,NULL,NULL,"505 D1",505
1109,NULL,NULL,2,NULL,"VD1.2",505
1110,NULL,NULL,1,NULL,"VD2.1",505
1111,NULL,NULL,2,NULL,"VD2.2",505
1112,NULL,NULL,1,NULL,"VD3.1",505
1113,NULL,NULL,NULL,NULL,"D1",506
1114,NULL,NULL,NULL,NULL,"D2",506
1115,NULL,NULL,NULL,NULL,"d5",1008
1116,NULL,NULL,NULL,NULL,"d1",1008
1117,NULL,NULL,NULL,NULL,"d3",1008
1118,NULL,NULL,NULL,NULL,"506 D1",506
1119,NULL,NULL,1,NULL,"VD2.1",506
1120,NULL,NULL,1,NULL,"VD1.1",105
1121,NULL,NULL,2,NULL,"VD1.2",105
1122,NULL,NULL,1,NULL,"VD2.1",105
1123,NULL,NULL,2,NULL,"VD2.2",105
1124,NULL,NULL,1,NULL,"VD3.1",105
1125,NULL,NULL,2,NULL,"VD3.2",105
1126,NULL,NULL,3,NULL,"VD3.3",105
1127,NULL,NULL,NULL,NULL,"105 D8",105
1128,NULL,NULL,NULL,NULL,"105 D9",105
1129,NULL,NULL,NULL,NULL,"D1",105
1130,NULL,NULL,NULL,NULL,"506 D4",506
1131,NULL,NULL,1,NULL,"VD3.1",506
1132,NULL,NULL,1,NULL,"VD1.1",506
1133,NULL,NULL,1,NULL,"VD4.1",506
1134,NULL,NULL,1,NULL,"VD1.1",507
1135,NULL,NULL,2,NULL,"VD1.2",507
1136,NULL,NULL,1,NULL,"VD2.1",507
1137,NULL,NULL,1,NULL,"VD3.1",507
1138,NULL,NULL,1,NULL,"VD4.1",507
1139,NULL,NULL,1,NULL,"VD5.1",507
1140,NULL,NULL,2,NULL,"VD6.2",507
1141,NULL,NULL,1,NULL,"VD1.1",508
1142,NULL,NULL,1,NULL,"VD2.1",508
1143,NULL,NULL,2,NULL,"VD2.2",508
1144,NULL,NULL,1,NULL,"VD3.1",508
1145,NULL,NULL,1,NULL,"VD4.1",508
1146,NULL,NULL,1,NULL,"VD5.1",508
1147,NULL,NULL,2,NULL,"VD5.2",508
1148,NULL,NULL,NULL,NULL,"508 D8",508
1149,NULL,NULL,NULL,NULL,"D1",508
1150,NULL,NULL,1,NULL,"VD1.1",106
1151,NULL,NULL,2,NULL,"VD1.2",106
1152,NULL,NULL,3,NULL,"VD1.3",106
1153,NULL,NULL,1,NULL,"VD2.1",106
1154,NULL,NULL,2,NULL,"VD2.2",106
1155,NULL,NULL,NULL,NULL,"106 D10",106
1156,NULL,NULL,NULL,NULL,"106 D6",106
1157,NULL,NULL,1,NULL,"VD5.1",106
1158,NULL,NULL,NULL,NULL,"106 D7",106
1159,NULL,NULL,NULL,NULL,"106 D9",106
1160,NULL,NULL,2,NULL,"VD1.2",112
1161,NULL,NULL,1,NULL,"VD6.1",112
1162,NULL,NULL,1,NULL,"VD1.1",113
1163,NULL,NULL,2,NULL,"VD1.2",113
1164,NULL,NULL,1,NULL,"VD2.1",113
1165,NULL,NULL,2,NULL,"VD2.2",113
1166,NULL,NULL,1,NULL,"VD3.1",113
1167,NULL,NULL,2,NULL,"VD3.2",113
1168,NULL,NULL,NULL,NULL,"112 D3",112
1169,NULL,NULL,NULL,NULL,"113 D8",113
1170,NULL,NULL,NULL,NULL,"113 D9",113
1171,NULL,NULL,1,NULL,"VD6.1",113
1172,NULL,NULL,NULL,NULL,"112 D4",112
1173,NULL,NULL,NULL,NULL,"112 D7",112
1174,NULL,NULL,2,NULL,"VD3.2",112
1175,NULL,NULL,NULL,NULL,"112 D8",112
1176,NULL,NULL,1,NULL,"VD7.1",112
1177,NULL,NULL,NULL,NULL,"112 D9",112
1178,NULL,NULL,1,NULL,"VD1.1",112
1179,NULL,NULL,1,NULL,"VD3.1",112
1180,NULL,NULL,NULL,NULL,"113 D7",113
1182,NULL,NULL,2,NULL,"VD2.2",513
1184,NULL,NULL,2,NULL,"VD6.2",113
1185,NULL,NULL,3,NULL,"VD4.3",312
1186,NULL,NULL,NULL,NULL,"155 D5",155
1187,NULL,NULL,NULL,NULL,"D2",702
1188,NULL,NULL,NULL,NULL,"D3",702
1189,NULL,NULL,NULL,NULL,"D4",702
1190,NULL,NULL,NULL,NULL,"702 D6",702
1191,NULL,NULL,NULL,NULL,"610 D6",610
1192,NULL,NULL,2,NULL,"VD3.2",610
1193,NULL,NULL,1,NULL,"VD3.1",610
1194,NULL,NULL,1,NULL,"VD2.1",610
1195,NULL,NULL,2,NULL,"VD1.2",610
1196,NULL,NULL,1,NULL,"VD1.1",610
1197,NULL,NULL,NULL,NULL,"D6",351
1198,NULL,NULL,NULL,NULL,"D3",351
1199,NULL,NULL,1,NULL,"VD1.1",351
1200,NULL,NULL,NULL,NULL,"D1",351
1201,NULL,NULL,NULL,NULL,"D5",351
1202,NULL,NULL,NULL,NULL,"D4",351
1203,NULL,NULL,2,NULL,"VD1.2",351
1204,NULL,NULL,NULL,NULL,"D7",351
1205,NULL,NULL,NULL,NULL,"D2",351
1206,NULL,NULL,NULL,NULL,"1008 D10",1008
1207,NULL,NULL,1,NULL,"VD1.1",742
1208,NULL,NULL,2,NULL,"VD1.2",742
1209,NULL,NULL,3,NULL,"VD1.3",742
1210,NULL,NULL,1,NULL,"VD2.1",742
1211,NULL,NULL,1,NULL,"VD3.1",742
1212,NULL,NULL,2,NULL,"VD3.2",742
1213,NULL,NULL,3,NULL,"VD3.3",742
1214,NULL,NULL,1,NULL,"VD4.1",742
1215,NULL,NULL,2,NULL,"VD4.2",742
1216,NULL,NULL,1,NULL,"VD5.1",742
1217,NULL,NULL,2,NULL,"VD5.2",742
1218,NULL,NULL,1,NULL,"VD6.1",742
1219,NULL,NULL,NULL,NULL,"d7",1008
1220,NULL,NULL,2,NULL,"VD5.2",609
1221,NULL,NULL,NULL,NULL,"d1",1003
1222,NULL,NULL,NULL,NULL,"d2",1003
1223,NULL,NULL,NULL,NULL,"d3",1003
1224,NULL,NULL,NULL,NULL,"d4",1003
1225,NULL,NULL,NULL,NULL,"d5",1003
1226,NULL,NULL,NULL,NULL,"d6",1003
1227,NULL,NULL,NULL,NULL,"d7",1003
1228,NULL,NULL,NULL,NULL,"d8",1003
1229,NULL,NULL,NULL,NULL,"d9",1003
1230,NULL,NULL,NULL,NULL,"d10",1003
1231,NULL,NULL,NULL,NULL,"d11",1003
1232,NULL,NULL,1,NULL,"VD5.1",609
1233,NULL,NULL,1,NULL,"VD6.1",609
1234,NULL,NULL,NULL,NULL,"D1",1018
1235,NULL,NULL,NULL,NULL,"D2",1018
1236,NULL,NULL,NULL,NULL,"D3",1018
1237,NULL,NULL,NULL,NULL,"D4",1018
1238,NULL,NULL,NULL,NULL,"D5",1018
1239,NULL,NULL,NULL,NULL,"D6",1018
1240,NULL,NULL,NULL,NULL,"D7",1018
1241,NULL,NULL,NULL,NULL,"D8",1018
1242,NULL,NULL,NULL,NULL,"121 D6",121
1244,NULL,NULL,1,NULL,"VD1.1",411
1245,NULL,NULL,NULL,NULL,"d11",1007
1246,NULL,NULL,NULL,NULL,"d10",1007
1247,NULL,NULL,NULL,NULL,"d9",1007
1248,NULL,NULL,NULL,NULL,"d8",1007
1249,NULL,NULL,NULL,NULL,"d7",1007
1250,NULL,NULL,NULL,NULL,"d6",1007
1251,NULL,NULL,NULL,NULL,"d5",1007
1252,NULL,NULL,NULL,NULL,"d4",1007
1253,NULL,NULL,NULL,NULL,"d3",1007
1254,NULL,NULL,NULL,NULL,"d2",1007
1256,NULL,NULL,1,NULL,"VD1.1",356
1257,NULL,NULL,2,NULL,"VD1.2",356
1258,NULL,NULL,1,NULL,"VD2.1",356
1259,NULL,NULL,2,NULL,"VD2.2",356
1260,NULL,NULL,2,NULL,"VD1.2",411
1261,NULL,NULL,1,NULL,"VD1.1",603
1262,NULL,NULL,2,NULL,"VD1.2",603
1263,NULL,NULL,1,NULL,"VD2.1",603
1264,NULL,NULL,2,NULL,"VD2.2",603
1265,NULL,NULL,1,NULL,"VD3.1",603
1266,NULL,NULL,2,NULL,"VD3.2",603
1267,NULL,NULL,1,NULL,"VD4.1",603
1268,NULL,NULL,2,NULL,"VD4.2",603
1269,NULL,NULL,1,NULL,"VD5.1",603
1270,NULL,NULL,2,NULL,"VD5.2",603
1271,NULL,NULL,NULL,NULL,"603 D11",603
1272,NULL,NULL,3,NULL,"VD1.3",411
1273,NULL,NULL,1,NULL,"VD2.1",411
1274,NULL,NULL,1,NULL,"VD1.1",605
1275,NULL,NULL,2,NULL,"VD1.2",605
1276,NULL,NULL,1,NULL,"VD2.1",605
1277,NULL,NULL,NULL,NULL,"605 D4",605
1278,NULL,NULL,1,NULL,"VD3.1",411
1279,NULL,NULL,1,NULL,"VD1.1",721
1280,NULL,NULL,1,NULL,"VD2.1",721
1281,NULL,NULL,1,NULL,"VD3.1",721
1282,NULL,NULL,1,NULL,"VD4.1",721
1283,NULL,NULL,1,NULL,"VD5.1",721
1284,NULL,NULL,2,NULL,"VD6.2",721
1285,NULL,NULL,1,NULL,"VD7.1",721
1286,NULL,NULL,1,NULL,"VD7.1",721
1287,NULL,NULL,1,NULL,"VD1.1",765
1288,NULL,NULL,2,NULL,"VD1.2",765
1289,NULL,NULL,1,NULL,"VD2.1",765
1290,NULL,NULL,2,NULL,"VD2.2",765
1291,NULL,NULL,1,NULL,"VD3.1",765
1292,NULL,NULL,1,NULL,"VD4.1",765
1293,NULL,NULL,1,NULL,"VD5.1",765
1294,NULL,NULL,2,NULL,"VD5.2",765
1295,NULL,NULL,1,NULL,"VD6.1",765
1296,NULL,NULL,2,NULL,"VD6.2",765
1297,NULL,NULL,1,NULL,"VD7.1",765
1298,NULL,NULL,1,NULL,"VD8.1",765
1299,NULL,NULL,2,NULL,"VD8.2",765
1300,NULL,NULL,NULL,NULL,"D1",781
1301,NULL,NULL,NULL,NULL,"D2",781
1302,NULL,NULL,NULL,NULL,"D3",781
1303,NULL,NULL,NULL,NULL,"D4",781
1304,NULL,NULL,NULL,NULL,"D5",781
1305,NULL,NULL,NULL,NULL,"D6",781
1306,NULL,NULL,NULL,NULL,"D7",781
1307,NULL,NULL,NULL,NULL,"D8",781
1308,NULL,NULL,NULL,NULL,"D9",781
1309,NULL,NULL,2,NULL,"VD3.2",411
1310,NULL,NULL,1,NULL,"VD2.1",1015
1311,NULL,NULL,1,NULL,"VD1.1",1015
1312,NULL,NULL,1,NULL,"VD1.1",763
1313,NULL,NULL,2,NULL,"VD1.2",763
1314,NULL,NULL,1,NULL,"VD2.1",763
1315,NULL,NULL,2,NULL,"VD2.2",763
1316,NULL,NULL,1,NULL,"VD3.1",763
1317,NULL,NULL,2,NULL,"VD3.2",763
1318,NULL,NULL,1,NULL,"VD4.1",763
1319,NULL,NULL,2,NULL,"VD4.2",763
1320,NULL,NULL,3,NULL,"VD4.3",763
1321,NULL,NULL,NULL,NULL,"D10",762
1322,NULL,NULL,2,NULL,"VD5.2",763
1323,NULL,NULL,1,NULL,"VD6.1",763
1324,NULL,NULL,2,NULL,"VD6.2",763
1325,NULL,NULL,1,NULL,"VD1.1",606
1326,NULL,NULL,2,NULL,"VD1.2",606
1327,NULL,NULL,1,NULL,"VD2.1",606
1328,NULL,NULL,1,NULL,"VD3.1",606
1329,NULL,NULL,1,NULL,"VD4.1",606
1330,NULL,NULL,1,NULL,"VD5.1",606
1331,NULL,NULL,1,NULL,"VD6.1",606
1332,NULL,NULL,2,NULL,"VD6.2",606
1333,NULL,NULL,1,NULL,"VD7.1",606
1334,NULL,NULL,1,NULL,"VD8.1",606
1335,NULL,NULL,1,NULL,"VD9.1",606
1336,NULL,NULL,1,NULL,"VD4.1",411
1337,NULL,NULL,2,NULL,"VD4.2",411
1338,NULL,NULL,1,NULL,"VD1.1",841
1339,NULL,NULL,2,NULL,"VD4.2",841
1340,NULL,NULL,1,NULL,"VD4.1",841
1341,NULL,NULL,2,NULL,"VD3.2",841
1342,NULL,NULL,1,NULL,"VD3.1",841
1343,NULL,NULL,2,NULL,"VD2.2",841
1344,NULL,NULL,1,NULL,"VD2.1",841
1345,NULL,NULL,NULL,NULL,"D1",830
1346,NULL,NULL,1,NULL,"VD5.1",411
1347,NULL,NULL,2,NULL,"VD5.2",411
1348,NULL,NULL,NULL,NULL,"D7",830
1349,NULL,NULL,NULL,NULL,"D6",830
1350,NULL,NULL,NULL,NULL,"D5",830
1351,NULL,NULL,NULL,NULL,"D4",830
1352,NULL,NULL,NULL,NULL,"D3",830
1353,NULL,NULL,NULL,NULL,"D2",830
1354,NULL,NULL,NULL,NULL,"215 D9",215
1355,NULL,NULL,1,NULL,"VD4.1",215
1356,NULL,NULL,2,NULL,"VD3.2",215
1357,NULL,NULL,NULL,NULL,"215 D19",215
1358,NULL,NULL,2,NULL,"VD10.2",215
1359,NULL,NULL,2,NULL,"VD11.2",215
1360,NULL,NULL,1,NULL,"VD8.1",215
1361,NULL,NULL,2,NULL,"VD1.2 (7.1",215
1362,NULL,NULL,NULL,NULL,"215 D2",215
1363,NULL,NULL,1,NULL,"VD9.1",215
1364,NULL,NULL,2,NULL,"VD6.2",215
1365,NULL,NULL,1,NULL,"VD2.1",215
1366,NULL,NULL,3,NULL,"VD8.3",215
1367,NULL,NULL,1,NULL,"VD1.1",215
1368,NULL,NULL,1,NULL,"VD3.1",215
1369,NULL,NULL,1,NULL,"VD6.1",215
1370,NULL,NULL,1,NULL,"VD12.1",215
1371,NULL,NULL,2,NULL,"VD8.2",215
1372,NULL,NULL,2,NULL,"VD4.2",215
1373,NULL,NULL,1,NULL,"VD10.1",215
1374,NULL,NULL,1,NULL,"VD5.1",215
1375,NULL,NULL,NULL,NULL,"D2",404
1376,NULL,NULL,NULL,NULL,"404 D11",404
1377,NULL,NULL,NULL,NULL,"404 D12",404
1378,NULL,NULL,NULL,NULL,"404 D13",404
1379,NULL,NULL,NULL,NULL,"D1",260
1380,NULL,NULL,NULL,NULL,"D2",260
1381,NULL,NULL,NULL,NULL,"D3",260
1382,NULL,NULL,NULL,NULL,"D4",260
1383,NULL,NULL,NULL,NULL,"D5",260
1384,NULL,NULL,NULL,NULL,"D8",260
1385,NULL,NULL,NULL,NULL,"D9",260
1386,NULL,NULL,NULL,NULL,"D10",260
1387,NULL,NULL,1,NULL,"VD1.1",821
1388,NULL,NULL,2,NULL,"VD1.2",821
1389,NULL,NULL,3,NULL,"VD1.3",821
1390,NULL,NULL,NULL,NULL,"D1",821
1391,NULL,NULL,NULL,NULL,"D2",821
1392,NULL,NULL,NULL,NULL,"D3",821
1393,NULL,NULL,NULL,NULL,"D4",821
1394,NULL,NULL,NULL,NULL,"D5",821
1395,NULL,NULL,NULL,NULL,"D6",821
1396,NULL,NULL,NULL,NULL,"D7",821
1397,NULL,NULL,NULL,NULL,"D8",821
1398,NULL,NULL,NULL,NULL,"D9",821
1399,NULL,NULL,NULL,NULL,"842 D1",842
1400,NULL,NULL,1,NULL,"VD2.1",842
1401,NULL,NULL,2,NULL,"VD2.2",842
1402,NULL,NULL,1,NULL,"VD3.1",842
1403,NULL,NULL,1,NULL,"VD4.1",842
1404,NULL,NULL,2,NULL,"VD4.2",842
1405,NULL,NULL,1,NULL,"VD5.1",842
1406,NULL,NULL,2,NULL,"VD5.2",842
1407,NULL,NULL,1,NULL,"VD6.1",842
1408,NULL,NULL,1,NULL,"VD7.1",842
1409,NULL,NULL,2,NULL,"VD7.2",842
1410,NULL,NULL,1,NULL,"VD8.1",842
1411,NULL,NULL,1,NULL,"VD6.1",411
1412,NULL,NULL,2,NULL,"VD6.2",411
1413,NULL,NULL,3,NULL,"VD6.3",411
1415,NULL,NULL,NULL,NULL,"404 D14",404
1416,NULL,NULL,NULL,NULL,"404 D15",404
1417,NULL,NULL,NULL,NULL,"404 D16",404
1418,NULL,NULL,NULL,NULL,"404 D17",404
1419,NULL,NULL,NULL,NULL,"404 D18",404
1420,NULL,NULL,NULL,NULL,"404 D19",404
1421,NULL,NULL,2,NULL,"VD1.2",154
1422,NULL,NULL,NULL,NULL,"154 D3",154
1423,NULL,NULL,1,NULL,"VD3.1",154
1424,NULL,NULL,1,NULL,"VD4.1",154
1425,NULL,NULL,2,NULL,"VD4.2",154
1426,NULL,NULL,2,NULL,"VD1.2",155
1427,NULL,NULL,1,NULL,"VD1.1",881
1428,NULL,NULL,2,NULL,"VD1.2",881
1429,NULL,NULL,1,NULL,"VD2.1",881
1430,NULL,NULL,2,NULL,"VD2.2",881
1431,NULL,NULL,1,NULL,"VD3.1",881
1432,NULL,NULL,2,NULL,"VD3.2",881
1433,NULL,NULL,1,NULL,"VD2.1",155
1434,NULL,NULL,1,NULL,"VD1.1",155
1435,NULL,NULL,1,NULL,"VD1.1",882
1436,NULL,NULL,2,NULL,"VD1.2",882
1437,NULL,NULL,1,NULL,"VD2.1",882
1438,NULL,NULL,2,NULL,"VD2.2",882
1439,NULL,NULL,1,NULL,"VD3.1",882
1440,NULL,NULL,2,NULL,"VD3.2",882
1441,NULL,NULL,3,NULL,"VD5.3",828
1442,NULL,NULL,2,NULL,"VD2.2",155
1443,NULL,NULL,1,NULL,"vd1.1",1006
1444,NULL,NULL,1,NULL,"VD1.1",828
1445,NULL,NULL,2,NULL,"VD1.2",828
1446,NULL,NULL,1,NULL,"VD2.1",828
1447,NULL,NULL,2,NULL,"VD2.2",828
1448,NULL,NULL,1,NULL,"VD3.1",828
1449,NULL,NULL,2,NULL,"VD3.2",828
1450,NULL,NULL,3,NULL,"VD3.3",828
1451,NULL,NULL,1,NULL,"VD4.1",828
1452,NULL,NULL,1,NULL,"VD5.1",828
1453,NULL,NULL,2,NULL,"VD5.2",828
1454,NULL,NULL,1,NULL,"VD1.1",825
1455,NULL,NULL,1,NULL,"VD1.1",824
1456,NULL,NULL,2,NULL,"VD1.2",824
1457,NULL,NULL,3,NULL,"VD1.3",824
1458,NULL,NULL,1,NULL,"VD2.1",824
1459,NULL,NULL,2,NULL,"VD2.2",824
1460,NULL,NULL,1,NULL,"VD3.1",824
1461,NULL,NULL,2,NULL,"VD3.2",824
1464,NULL,NULL,2,NULL,"VD1.2",825
1465,NULL,NULL,1,NULL,"VD2.1",825
1466,NULL,NULL,2,NULL,"VD2.2",825
1467,NULL,NULL,3,NULL,"VD2.3",825
1468,NULL,NULL,1,NULL,"VD3.1",825
1469,NULL,NULL,2,NULL,"VD3.2",825
1470,NULL,NULL,1,NULL,"VD4.1",825
1471,NULL,NULL,2,NULL,"VD4.2",825
1472,NULL,NULL,3,NULL,"VD4.3",825
1473,NULL,NULL,3,NULL,"VD4.3",823
1474,NULL,NULL,1,NULL,"VD2.1",803
1475,NULL,NULL,1,NULL,"VD3.1",803
1476,NULL,NULL,2,NULL,"VD3.2",803
1477,NULL,NULL,2,NULL,"VD3.2",803
1478,NULL,NULL,1,NULL,"VD4.1",803
1479,NULL,NULL,2,NULL,"VD4.2",803
1480,NULL,NULL,2,NULL,"VD4.2",312
1481,NULL,NULL,1,NULL,"VD1.1",823
1482,NULL,NULL,2,NULL,"VD1.2",823
1483,NULL,NULL,3,NULL,"VD1.3",823
1484,NULL,NULL,1,NULL,"VD2.1",823
1485,NULL,NULL,2,NULL,"VD2.2",823
1486,NULL,NULL,3,NULL,"VD2.3",823
1487,NULL,NULL,1,NULL,"VD3.1",823
1488,NULL,NULL,2,NULL,"VD3.2",823
1489,NULL,NULL,1,NULL,"VD4.1",823
1490,NULL,NULL,2,NULL,"VD4.2",823
1491,NULL,NULL,1,NULL,"VD1.1",803
1492,NULL,NULL,2,NULL,"VD1.2",803
1493,NULL,NULL,NULL,NULL,"842 D13",842
1494,NULL,NULL,1,NULL,"VD1.1",801
1495,NULL,NULL,2,NULL,"VD1.2",801
1496,NULL,NULL,1,NULL,"VD2.1",801
1497,NULL,NULL,2,NULL,"VD2.2",801
1498,NULL,NULL,1,NULL,"VD3.1",801
1499,NULL,NULL,2,NULL,"VD3.2",801
1500,NULL,NULL,1,NULL,"VD4.1",801
1501,NULL,NULL,2,NULL,"VD4.2",801
1502,NULL,NULL,1,NULL,"VD5.1",801
1503,NULL,NULL,2,NULL,"VD5.2",801
1504,NULL,NULL,1,NULL,"VD6.1",801
1505,NULL,NULL,NULL,NULL,"842 D15",842
1506,NULL,NULL,2,NULL,"VD4.2",785
1507,NULL,NULL,1,NULL,"VD1.1",785
1508,NULL,NULL,2,NULL,"VD1.2",785
1509,NULL,NULL,3,NULL,"VD1.3",785
1510,NULL,NULL,1,NULL,"VD2.1",785
1511,NULL,NULL,2,NULL,"VD2.2",785
1512,NULL,NULL,1,NULL,"VD3.1",785
1513,NULL,NULL,2,NULL,"VD3.2",785
1514,NULL,NULL,3,NULL,"VD3.3",785
1515,NULL,NULL,1,NULL,"VD4.1",785
1516,NULL,NULL,NULL,NULL,"D17",784
1517,NULL,NULL,NULL,NULL,"D1",784
1518,NULL,NULL,NULL,NULL,"D2",784
1519,NULL,NULL,NULL,NULL,"D3",784
1520,NULL,NULL,NULL,NULL,"D4",784
1521,NULL,NULL,NULL,NULL,"D5",784
1522,NULL,NULL,NULL,NULL,"D6",784
1523,NULL,NULL,NULL,NULL,"D7",784
1524,NULL,NULL,NULL,NULL,"D8",784
1525,NULL,NULL,NULL,NULL,"D9",784
1526,NULL,NULL,NULL,NULL,"D10",784
1527,NULL,NULL,NULL,NULL,"D11",784
1528,NULL,NULL,NULL,NULL,"D12",784
1529,NULL,NULL,NULL,NULL,"D13",784
1530,NULL,NULL,NULL,NULL,"D14",784
1531,NULL,NULL,NULL,NULL,"D15",784
1532,NULL,NULL,NULL,NULL,"D16",784
1533,NULL,NULL,NULL,NULL,"842 D16",842
1534,NULL,NULL,NULL,NULL,"1033 D8",1033
1535,NULL,NULL,NULL,NULL,"405 D1",405
1536,NULL,NULL,NULL,NULL,"405 D2",405
1537,NULL,NULL,NULL,NULL,"D3",405
1538,NULL,NULL,NULL,NULL,"405 D4",405
1545,NULL,NULL,NULL,NULL,"D11",405
1546,NULL,NULL,NULL,NULL,"D12",405
1547,NULL,NULL,NULL,NULL,"D13",405
1548,NULL,NULL,NULL,NULL,"D14",405
1549,NULL,NULL,NULL,NULL,"D15",405
1550,NULL,NULL,NULL,NULL,"1033 D6",1033
1551,NULL,NULL,NULL,NULL,"1033 D3",1033
1552,NULL,NULL,NULL,NULL,"1033 D5",1033
1553,NULL,NULL,NULL,NULL,"1033 D2",1033
1554,NULL,NULL,1,NULL,"VD1.1",406
1555,NULL,NULL,2,NULL,"VD1.2",406
1556,NULL,NULL,1,NULL,"VD2.1",406
1557,NULL,NULL,2,NULL,"VD2.2",406
1558,NULL,NULL,NULL,NULL,"1033 D11",1033
1559,NULL,NULL,NULL,NULL,"1033 D9",1033
1560,NULL,NULL,1,NULL,"VD1.1",407
1561,NULL,NULL,2,NULL,"VD1.2",407
1562,NULL,NULL,1,NULL,"VD2.1",407
1563,NULL,NULL,2,NULL,"VD2.2",407
1564,NULL,NULL,NULL,NULL,"407 D5",407
1565,NULL,NULL,NULL,NULL,"1033 D4",1033
1566,NULL,NULL,NULL,NULL,"1033 D10",1033
1567,NULL,NULL,1,NULL,"VD1.1",408
1568,NULL,NULL,2,NULL,"VD1.2",408
1569,NULL,NULL,3,NULL,"VD1.3",408
1570,NULL,NULL,1,NULL,"VD2.1",408
1571,NULL,NULL,2,NULL,"VD2.2",408
1572,NULL,NULL,1,NULL,"VD3.1",408
1573,NULL,NULL,2,NULL,"VD3.2",408
1574,NULL,NULL,1,NULL,"VD4.1",408
1575,NULL,NULL,2,NULL,"VD4.2",408
1576,NULL,NULL,1,NULL,"VD5.1",408
1577,NULL,NULL,2,NULL,"VD5.2",408
1578,NULL,NULL,3,NULL,"VD5.3",408
1579,NULL,NULL,1,NULL,"VD6.1",408
1580,NULL,NULL,1,NULL,"VD7.1",408
1581,NULL,NULL,2,NULL,"VD7.2",408
1582,NULL,NULL,1,NULL,"VD8.1",408
1583,NULL,NULL,2,NULL,"VD1.2",201
1584,NULL,NULL,1,NULL,"VD9.1",201
1585,NULL,NULL,1,NULL,"VD1.1",525
1586,NULL,NULL,1,NULL,"VD5.1",525
1587,NULL,NULL,1,NULL,"VD1.1",409
1588,NULL,NULL,2,NULL,"VD1.2",409
1589,NULL,NULL,1,NULL,"VD2.1",409
1590,NULL,NULL,2,NULL,"VD2.2",409
1591,NULL,NULL,3,NULL,"VD2.3",409
1592,NULL,NULL,1,NULL,"VD3.1",409
1593,NULL,NULL,2,NULL,"VD3.2",409
1594,NULL,NULL,3,NULL,"VD3.3",409
1595,NULL,NULL,NULL,NULL,"D1",409
1596,NULL,NULL,NULL,NULL,"D2",409
1597,NULL,NULL,NULL,NULL,"D3",409
1598,NULL,NULL,1,NULL,"VD4.1",525
1599,NULL,NULL,1,NULL,"VD3.1",525
1600,NULL,NULL,1,NULL,"VD2.1",525
1601,NULL,NULL,1,NULL,"VD1.1",410
1602,NULL,NULL,2,NULL,"VD1.2",410
1603,NULL,NULL,3,NULL,"VD1.3",410
1604,NULL,NULL,1,NULL,"VD2.1",410
1605,NULL,NULL,2,NULL,"VD2.2",410
1606,NULL,NULL,2,NULL,"VD1.2",525
1607,NULL,NULL,1,NULL,"VD8.1",302
1608,NULL,NULL,1,NULL,"VD4.1",513
1609,NULL,NULL,1,NULL,"VD5.1",513
1611,NULL,NULL,1,NULL,"VD8.1",513
1612,NULL,NULL,1,NULL,"VD9.1",513
1613,NULL,NULL,NULL,NULL,"513 D12",513
1614,NULL,NULL,NULL,NULL,"513 D13",513
1615,NULL,NULL,NULL,NULL,"513 D14",513
1616,NULL,NULL,1,NULL,"VD1.1",209
1617,NULL,NULL,NULL,NULL,"742 D2",742
1618,NULL,NULL,NULL,NULL,"742 D13",742
1619,NULL,NULL,2,NULL,"VD1.2",312
1620,NULL,NULL,1,NULL,"VD3.1",312
1621,NULL,NULL,1,NULL,"VD4.1",312
1622,NULL,NULL,1,NULL,"VD1.1",312
1623,NULL,NULL,1,NULL,"VD1.1",412
1624,NULL,NULL,2,NULL,"VD1.2",412
1625,NULL,NULL,3,NULL,"VD1.3",412
1626,NULL,NULL,1,NULL,"VD2.1",412
1627,NULL,NULL,1,NULL,"VD3.1",412
1628,NULL,NULL,2,NULL,"VD3.2",412
1629,NULL,NULL,3,NULL,"VD3.3",412
1630,NULL,NULL,1,NULL,"VD4.1",412
1631,NULL,NULL,1,NULL,"VD5.1",412
1632,NULL,NULL,1,NULL,"VD5.1",312
1633,NULL,NULL,1,NULL,"VD6.1",412
1634,NULL,NULL,2,NULL,"VD6.2",412
1635,NULL,NULL,1,NULL,"VD7.1",412
1636,NULL,NULL,1,NULL,"VD8.1",412
1637,NULL,NULL,2,NULL,"VD8.2",412
1638,NULL,NULL,1,NULL,"VD9.1",412
1639,NULL,NULL,2,NULL,"VD9.2",412
1640,NULL,NULL,1,NULL,"VD10.1",412
1641,NULL,NULL,2,NULL,"VD10.2",412
1642,NULL,NULL,1,NULL,"VD11.1",412
1643,NULL,NULL,2,NULL,"VD11.2",412
1644,NULL,NULL,NULL,NULL,"D1",312
1645,NULL,NULL,1,NULL,"VD2.1",312
1646,NULL,NULL,2,NULL,"VD3.2",312
1648,NULL,NULL,1,NULL,"VD1.1",413
1649,NULL,NULL,2,NULL,"VD1.2",413
1650,NULL,NULL,3,NULL,"VD1.3",413
1651,NULL,NULL,1,NULL,"VD2.1",413
1652,NULL,NULL,2,NULL,"VD2.2",413
1653,NULL,NULL,3,NULL,"VD2.3",413
1656,NULL,NULL,1,NULL,"VD1.1",414
1657,NULL,NULL,2,NULL,"VD1.2",414
1658,NULL,NULL,1,NULL,"VD2.1",414
1659,NULL,NULL,1,NULL,"VD3.1",414
1660,NULL,NULL,2,NULL,"VD3.2",414
1661,NULL,NULL,3,NULL,"VD3.3",414
1664,NULL,NULL,NULL,NULL,"D1",451
1665,NULL,NULL,NULL,NULL,"D2",451
1666,NULL,NULL,NULL,NULL,"D3",451
1667,NULL,NULL,NULL,NULL,"D4",451
1668,NULL,NULL,NULL,NULL,"451 D5",451
1669,NULL,NULL,NULL,NULL,"D6",451
1670,NULL,NULL,NULL,NULL,"D7",451
1671,NULL,NULL,NULL,NULL,"D8",451
1672,NULL,NULL,NULL,NULL,"D9",451
1673,NULL,NULL,NULL,NULL,"D10",451
1674,NULL,NULL,NULL,NULL,"D11",451
1677,NULL,NULL,1,NULL,"VD1.1",768
1678,NULL,NULL,2,NULL,"VD1.2",768
1679,NULL,NULL,3,NULL,"VD1.3",768
1680,NULL,NULL,1,NULL,"VD2.1",768
1681,NULL,NULL,2,NULL,"VD2.2",768
1682,NULL,NULL,1,NULL,"VD3.1",768
1683,NULL,NULL,2,NULL,"VD3.2",768
1684,NULL,NULL,1,NULL,"VD4.1",768
1685,NULL,NULL,2,NULL,"VD4.2",768
1686,NULL,NULL,1,NULL,"VD5.1",768
1687,NULL,NULL,2,NULL,"VD5.2",768
1688,NULL,NULL,1,NULL,"VD1.1",766
1689,NULL,NULL,2,NULL,"VD1.2",766
1690,NULL,NULL,1,NULL,"VD2.1",766
1691,NULL,NULL,2,NULL,"VD2.2",766
1692,NULL,NULL,1,NULL,"VD3.1",766
1693,NULL,NULL,2,NULL,"VD3.2",766
1694,NULL,NULL,1,NULL,"VD4.1",766
1695,NULL,NULL,2,NULL,"VD4.2",766
1696,NULL,NULL,1,NULL,"VD5.1",766
1697,NULL,NULL,2,NULL,"VD5.2",766
1698,NULL,NULL,1,NULL,"VD6.1",766
1699,NULL,NULL,2,NULL,"VD6.2",766
1700,NULL,NULL,1,NULL,"VD7.1",766
1701,NULL,NULL,NULL,NULL,"D12",766
1702,NULL,NULL,1,NULL,"VD8.1",766
1703,NULL,NULL,2,NULL,"VD8.2",766
1704,NULL,NULL,NULL,NULL,"D1",764
1705,NULL,NULL,NULL,NULL,"D2",764
1706,NULL,NULL,NULL,NULL,"D3",764
1707,NULL,NULL,NULL,NULL,"D4",764
1708,NULL,NULL,NULL,NULL,"D5",764
1709,NULL,NULL,NULL,NULL,"D6",764
1710,NULL,NULL,NULL,NULL,"D7",764
1711,NULL,NULL,NULL,NULL,"D8",764
1712,NULL,NULL,NULL,NULL,"D9",764
1713,NULL,NULL,NULL,NULL,"D10",764
1714,NULL,NULL,NULL,NULL,"764 D11",764
1717,NULL,NULL,NULL,NULL,"D1",762
1718,NULL,NULL,NULL,NULL,"D2",762
1719,NULL,NULL,NULL,NULL,"D3",762
1720,NULL,NULL,NULL,NULL,"D4",762
1721,NULL,NULL,NULL,NULL,"D5",762
1722,NULL,NULL,NULL,NULL,"D6",762
1723,NULL,NULL,NULL,NULL,"D7",762
1724,NULL,NULL,NULL,NULL,"762 D8",762
1725,NULL,NULL,NULL,NULL,"D9",762
1726,NULL,NULL,NULL,NULL,"762 D10",762
1727,NULL,NULL,NULL,NULL,"D11",762
1728,NULL,NULL,NULL,NULL,"D12",762
1729,NULL,NULL,NULL,NULL,"D1",761
1730,NULL,NULL,NULL,NULL,"D2",761
1731,NULL,NULL,NULL,NULL,"D3",761
1732,NULL,NULL,NULL,NULL,"D4",761
1733,NULL,NULL,NULL,NULL,"D5",761
1734,NULL,NULL,NULL,NULL,"D6",761
1736,NULL,NULL,NULL,NULL,"D7",761
1738,NULL,NULL,NULL,NULL,"D8",761
1739,NULL,NULL,NULL,NULL,"D10",761
1741,NULL,NULL,NULL,NULL,"D11",761
1742,NULL,NULL,NULL,NULL,"761 D14",761
1743,NULL,NULL,NULL,NULL,"D13",761
1744,NULL,NULL,NULL,NULL,"D14",761
1746,NULL,NULL,NULL,NULL,"D15",761
1747,NULL,NULL,NULL,NULL,"D16",761
1748,NULL,NULL,NULL,NULL,"D17",761
1749,NULL,NULL,NULL,NULL,"D18",761
1750,NULL,NULL,1,NULL,"VD1.1",744
1751,NULL,NULL,2,NULL,"VD1.2",744
1752,NULL,NULL,1,NULL,"VD2.1",744
1753,NULL,NULL,2,NULL,"VD2.2",744
1754,NULL,NULL,3,NULL,"VD2.3",744
1755,NULL,NULL,1,NULL,"VD3.1",744
1756,NULL,NULL,1,NULL,"VD4.1",744
1757,NULL,NULL,2,NULL,"VD4.2",744
1760,NULL,NULL,NULL,NULL,"D17",741
1761,NULL,NULL,NULL,NULL,"D2",741
1762,NULL,NULL,NULL,NULL,"D7",741
1763,NULL,NULL,NULL,NULL,"D11",741
1764,NULL,NULL,NULL,NULL,"D12",741
1765,NULL,NULL,NULL,NULL,"D16",741
1766,NULL,NULL,NULL,NULL,"D4",741
1767,NULL,NULL,NULL,NULL,"D3",741
1768,NULL,NULL,NULL,NULL,"D18",741
1769,NULL,NULL,NULL,NULL,"D10",741
1770,NULL,NULL,NULL,NULL,"D8",741
1771,NULL,NULL,NULL,NULL,"D5",741
1772,NULL,NULL,NULL,NULL,"D9",741
1773,NULL,NULL,NULL,NULL,"D6",741
1774,NULL,NULL,NULL,NULL,"D13",741
1775,NULL,NULL,NULL,NULL,"D14",741
1776,NULL,NULL,NULL,NULL,"D15",741
1777,NULL,NULL,NULL,NULL,"D1",741
1785,NULL,NULL,NULL,NULL,"D6",701
1786,NULL,NULL,NULL,NULL,"D7",701
1787,NULL,NULL,NULL,NULL,"D2",701
1788,NULL,NULL,NULL,NULL,"D5",701
1789,NULL,NULL,NULL,NULL,"D3",701
1790,NULL,NULL,NULL,NULL,"D4",701
1791,NULL,NULL,NULL,NULL,"D1",701
1792,NULL,NULL,1,NULL,"VD5.1",607
1793,NULL,NULL,1,NULL,"VD3.1",607
1794,NULL,NULL,1,NULL,"VD1.1",607
1795,NULL,NULL,1,NULL,"VD7.1",607
1796,NULL,NULL,1,NULL,"VD2.1",607
1798,NULL,NULL,1,NULL,"VD6.1",607
1799,NULL,NULL,NULL,NULL,"607 D4",607
1801,NULL,NULL,1,NULL,"VD1.1",602
1802,NULL,NULL,1,NULL,"VD3.1",602
1804,NULL,NULL,2,NULL,"VD1.2",602
1805,NULL,NULL,1,NULL,"VD2.1",602
1807,NULL,NULL,2,NULL,"VD2.2",602
1808,NULL,NULL,NULL,NULL,"D13",601
1809,NULL,NULL,NULL,NULL,"D19",601
1810,NULL,NULL,NULL,NULL,"D11",601
1811,NULL,NULL,NULL,NULL,"D20",601
1812,NULL,NULL,NULL,NULL,"D2",601
1813,NULL,NULL,NULL,NULL,"D16",601
1814,NULL,NULL,NULL,NULL,"D15",601
1815,NULL,NULL,NULL,NULL,"D10",601
1816,NULL,NULL,NULL,NULL,"D5",601
1817,NULL,NULL,NULL,NULL,"D6",601
1818,NULL,NULL,NULL,NULL,"D7",601
1819,NULL,NULL,NULL,NULL,"D14",601
1820,NULL,NULL,NULL,NULL,"D21",601
1821,NULL,NULL,NULL,NULL,"D3",601
1822,NULL,NULL,NULL,NULL,"D1",601
1823,NULL,NULL,NULL,NULL,"D18",601
1824,NULL,NULL,NULL,NULL,"D9",601
1825,NULL,NULL,NULL,NULL,"D17",601
1826,NULL,NULL,NULL,NULL,"D12",601
1827,NULL,NULL,NULL,NULL,"D8",601
1828,NULL,NULL,NULL,NULL,"D4",601
1829,NULL,NULL,1,NULL,"VD1.1",1032
1830,NULL,NULL,2,NULL,"VD1.2",1032
1831,NULL,NULL,1,NULL,"VD4.1",1032
1832,NULL,NULL,1,NULL,"VD2.1",1032
1833,NULL,NULL,2,NULL,"VD3.2",1032
1834,NULL,NULL,2,NULL,"VD4.2",1032
1835,NULL,NULL,1,NULL,"VD5.1",1032
1836,NULL,NULL,3,NULL,"VD2.3",1032
1837,NULL,NULL,2,NULL,"VD2.2",1032
1838,NULL,NULL,1,NULL,"VD3.1",1032
1840,NULL,NULL,1,NULL,"VD2.1",1028
1841,NULL,NULL,1,NULL,"VD1.1",1028
1843,NULL,NULL,1,NULL,"VD2.1",1024
1844,NULL,NULL,2,NULL,"VD1.2",1024
1846,NULL,NULL,1,NULL,"VD1.1",1024
1847,NULL,NULL,2,NULL,"VD2.2",1024
1848,NULL,NULL,1,NULL,"VD1.1",1023
1850,NULL,NULL,2,NULL,"VD1.2",1023
1853,NULL,NULL,1,NULL,"VD1.1",1021
1854,NULL,NULL,2,NULL,"VD2.2",1021
1855,NULL,NULL,1,NULL,"VD2.1",1021
1856,NULL,NULL,2,NULL,"VD1.2",1021
1858,NULL,NULL,1,NULL,"VD2.1",1020
1859,NULL,NULL,1,NULL,"VD1.1",1020
1860,NULL,NULL,1,NULL,"VD2.1",1017
1862,NULL,NULL,1,NULL,"VD1.1",1017
1863,NULL,NULL,NULL,NULL,"D3",1016
1864,NULL,NULL,NULL,NULL,"D4",1016
1865,NULL,NULL,NULL,NULL,"D2",1016
1866,NULL,NULL,NULL,NULL,"D9",1016
1868,NULL,NULL,NULL,NULL,"D1",1016
1869,NULL,NULL,NULL,NULL,"D8",1016
1870,NULL,NULL,NULL,NULL,"D5",1016
1871,NULL,NULL,NULL,NULL,"D7",1016
1872,NULL,NULL,NULL,NULL,"D6",1016
1874,NULL,NULL,NULL,NULL,"D2",1010
1875,NULL,NULL,NULL,NULL,"D1",1010
1876,NULL,NULL,NULL,NULL,"D3",1010
1877,NULL,NULL,NULL,NULL,"D4",1010
1889,NULL,NULL,NULL,NULL,"d4",1005
1890,NULL,NULL,1,NULL,"vd1.1",1005
1891,NULL,NULL,NULL,NULL,"d1",1005
1892,NULL,NULL,NULL,NULL,"d3",1005
1893,NULL,NULL,1,NULL,"vd2.1",1005
1894,NULL,NULL,NULL,NULL,"d7",1005
1895,NULL,NULL,NULL,NULL,"d6",1005
1897,NULL,NULL,NULL,NULL,"d2",1005
1899,NULL,NULL,1,NULL,"vd2.1",1004
1901,NULL,NULL,2,NULL,"vd1.2",1004
1902,NULL,NULL,1,NULL,"vd1.1",1004
1903,NULL,NULL,2,NULL,"vd2.2",1004
1904,NULL,NULL,1,NULL,"vd2.1",1002
1905,NULL,NULL,2,NULL,"vd2.2",1002
1906,NULL,NULL,2,NULL,"vd1.2",1002
1908,NULL,NULL,1,NULL,"vd1.1",1002
1910,NULL,NULL,1,NULL,"VD1.1",1026
1911,NULL,NULL,1,NULL,"VD2.1",1026
1912,NULL,NULL,2,NULL,"VD1.2",1026
1913,NULL,NULL,2,NULL,"VD2.2",1026
1914,NULL,NULL,1,NULL,"VD2.1",1025
1915,NULL,NULL,2,NULL,"VD1.2",1025
1917,NULL,NULL,1,NULL,"VD1.1",1025
1919,NULL,NULL,2,NULL,"VD2.2",1025
1920,NULL,NULL,NULL,NULL,"D2",1014
1921,NULL,NULL,NULL,NULL,"D8",1014
1922,NULL,NULL,NULL,NULL,"D1",1014
1923,NULL,NULL,NULL,NULL,"D9",1014
1924,NULL,NULL,NULL,NULL,"D4",1014
1925,NULL,NULL,NULL,NULL,"D3",1014
1926,NULL,NULL,NULL,NULL,"D7",1014
1927,NULL,NULL,NULL,NULL,"D6",1014
1928,NULL,NULL,NULL,NULL,"D10",1014
1929,NULL,NULL,NULL,NULL,"D5",1014
1930,NULL,NULL,1,NULL,"VD3.1",1013
1931,NULL,NULL,1,NULL,"VD2.1",1013
1932,NULL,NULL,1,NULL,"VD1.1",1013
1933,NULL,NULL,1,NULL,"VD4.1",1013
1935,NULL,NULL,2,NULL,"VD2.2",1011
1936,NULL,NULL,1,NULL,"VD1.1",1011
1937,NULL,NULL,2,NULL,"VD1.2",1011
1938,NULL,NULL,NULL,NULL,"1011 D3",1011
1940,NULL,NULL,1,NULL,"vd1.1",1001
1941,NULL,NULL,1,NULL,"vd2.1",1001
1943,NULL,NULL,NULL,NULL,"D1 (VD1.1)",404
1945,NULL,NULL,NULL,NULL,"829 D6",829
1946,NULL,NULL,NULL,NULL,"829 D4",829
1947,NULL,NULL,NULL,NULL,"829 D3",829
1949,NULL,NULL,NULL,NULL,"829 D7",829
1951,NULL,NULL,NULL,NULL,"829 D5",829
1952,NULL,NULL,NULL,NULL,"829 D2",829
1953,NULL,NULL,NULL,NULL,"829 D1",829
1955,NULL,NULL,1,NULL,"VD1.1",151
1958,NULL,NULL,1,NULL,"VD1.1",355
1960,NULL,NULL,2,NULL,"VD1.2",355
1961,NULL,NULL,2,NULL,"VD2.2",355
1962,NULL,NULL,1,NULL,"VD2.1",355
1964,NULL,NULL,3,NULL,"VD1.3",404
1965,NULL,NULL,1,NULL,"VD2.1",404
1966,NULL,NULL,2,NULL,"VD2.2",404
1967,NULL,NULL,1,NULL,"VD3.1",404
1968,NULL,NULL,2,NULL,"VD3.2",404
1969,NULL,NULL,3,NULL,"VD3.3",404
1970,NULL,NULL,NULL,NULL,"404 D9",404
1971,NULL,NULL,NULL,NULL,"404 D10",404
1972,NULL,NULL,1,NULL,"VD2.1",151
1973,NULL,NULL,NULL,NULL,"D6",260
1978,NULL,NULL,1,NULL,"VD3.1",783
1979,NULL,NULL,2,NULL,"VD1.2",783
1980,NULL,NULL,3,NULL,"VD2.3",783
1981,NULL,NULL,2,NULL,"VD2.2",783
1982,NULL,NULL,1,NULL,"VD2.1",783
1983,NULL,NULL,1,NULL,"VD1.1",783
1984,NULL,NULL,1,NULL,"VD4.1",783
1985,NULL,NULL,2,NULL,"VD4.2",783
1990,NULL,NULL,NULL,NULL,"D7",260
1992,NULL,NULL,1,NULL,"VD1.1",782
1993,NULL,NULL,2,NULL,"VD1.2",782
1994,NULL,NULL,3,NULL,"VD1.3",782
1995,NULL,NULL,1,NULL,"VD2.1",782
1996,NULL,NULL,2,NULL,"VD2.2",782
1997,NULL,NULL,3,NULL,"VD2.3",782
1998,NULL,NULL,4,NULL,"VD2.4",782
1999,NULL,NULL,1,NULL,"VD3.1",782
