TSS name,Short Name,Name
0101_Merged,ig11FD101_D1,VD1.1
0101_Merged,ig11FD101_D2,VD1.2
0101_Merged,ig11FD101_D3,VD1.3
0101_Merged,ig11FD101_D4,VD2.1
0101_Merged,ig11FD101_D5,VD2.2
0101_Merged,ig11FD101_D6,VD2.3
0101_Merged,ig11FD101_D7,VD3.1
0101_Merged,ig11FD101_D8,VD4.1
0101_Merged,ig11FD101_D9,VD4.2
0101_Merged,ig11FD101_D10,D1
0101_Merged,ig11FD101_D11,D2
0101_Merged,ig11FD101_D12,D3
0101_Merged,ig11FD101_D13,D4
0101_Merged,ig11FD101_D14,D5
0101_Merged,ig11FD101_D15,D6
0101_Merged,ig11FD101_D16,D7
0101_Merged,ig11FD101_D17,D8
0101_Merged,ig11FD101_D18,PM29/30
102,ig11FD102_D1,D1
102,ig11FD102_D2,D2
102,ig11FD102_D3,D3
102,ig11FD102_D4,D4
102,ig11FD102_D5,D5
102,ig11FD102_D6,D6
102,ig11FD102_D7,D7
102,ig11FD102_D8,D8
102,ig11FD102_D9,D9
102,ig11FD102_D10,D10
102,ig11FD102_D11,D11
102,ig11FD102_D12,D12
102,ig11FD102_D13,D13
102,ig11FD102_D14,D14
102,ig11FD102_D15,D15
102,ig11FD102_D16,D16
102,ig11FD102_D17,PM23/24
102,ig11FD102_D18,PM25/26
102,ig11FD102_D19,PM29/30
102,ig11FD102_D20,PM31/32
103,ig11FD103_D1,VD1.1
103,ig11FD103_D2,VD1.2
103,ig11FD103_D3,VD1.3
103,ig11FD103_D4,VD2.1
103,ig11FD103_D5,VD2.2
103,ig11FD103_D6,VD2.3
103,ig11FD103_D7,PM21/22
104,ig11FD104_D1,VD1.1
104,ig11FD104_D2,VD1.2
104,ig11FD104_D3,VD1.3
104,ig11FD104_D4,VD2.1
104,ig11FD104_D5,VD2.2
104,ig11FD104_D6,VD2.3
104,ig11FD104_D7,VD3.1
104,ig11FD104_D8,VD3.2
104,ig11FD104_D9,VD3.3
104,ig11FD104_D10,PM27/28
105,ig11FD105_D1,VD1.1
105,ig11FD105_D2,VD1.2
105,ig11FD105_D3,VD2.1
105,ig11FD105_D4,VD2.2
105,ig11FD105_D5,VD3.1
105,ig11FD105_D6,VD3.2
105,ig11FD105_D7,VD3.3
105,ig11FD105_D8,VD4.1
105,ig11FD105_D9,VD4.2
105,ig11FD105_D10,D1
105,ig11FD105_D11,PM29/30
106,ig11FD106_D1,VD1.1
106,ig11FD106_D2,VD1.2
106,ig11FD106_D3,VD1.3
106,ig11FD106_D4,VD2.1
106,ig11FD106_D5,VD2.2
106,ig11FD106_D6,VD3.1
106,ig11FD106_D7,VD4.1
106,ig11FD106_D8,VD5.1
106,ig11FD106_D9,VD6.1
106,ig11FD106_D10,VD7.1
106,ig11FD106_D11,VD8.1
106,ig11FD106_D12,PM21/22
106,ig11FD106_D13,PM25/26
106,ig11FD106_D24,VD5.2
106,ig11FD106_D25,VD8.2
107,ig11FD107_D1,VD1.1
107,ig11FD107_D2,VD1.2
107,ig11FD107_D3,VD1.3
107,ig11FD107_D4,VD2.1
107,ig11FD107_D5,VD2.2
107,ig11FD107_D6,VD2.3
107,ig11FD107_D7,VD3.1
107,ig11FD107_D8,VD3.2
107,ig11FD107_D9,VD4.1
107,ig11FD107_D10,VD4.2
107,ig11FD107_D11,VD5.1
107,ig11FD107_D12,VD6.1
107,ig11FD107_D13,VD6.2
107,ig11FD107_D14,D1
108,ig11FD108_D1,VD1.1
108,ig11FD108_D2,VD1.2
108,ig11FD108_D3,VD2.1
108,ig11FD108_D4,VD2.2
108,ig11FD108_D5,PM21/22
109,ig11FD109_D1,VD1.1
109,ig11FD109_D2,VD1.2
109,ig11FD109_D3,VD2.1
109,ig11FD109_D4,VD3.1
109,ig11FD109_D5,VD4.1
109,ig11FD109_D6,VD5.1
109,ig11FD109_D7,VD5.2
109,ig11FD109_D8,VD6.1
109,ig11FD109_D9,VD7.1
109,ig11FD109_D10,VD8.1
109,ig11FD109_D11,PM21/22
110,ig11FD110_D1,VD1.1
110,ig11FD110_D2,VD1.2
110,ig11FD110_D3,VD2.1
110,ig11FD110_D4,VD2.2
110,ig11FD110_D5,VD2.3
110,ig11FD110_D6,VD3.1
110,ig11FD110_D7,VD3.2
110,ig11FD110_D8,VD5.1
110,ig11FD110_D9,VD5.2
110,ig11FD110_D10,VD5.3
110,ig11FD110_D11,VD6.1
110,ig11FD110_D12,VD6.2
110,ig11FD110_D13,VD6.3
110,ig11FD110_D14,VD7.1
110,ig11FD110_D15,VD7.2
111,ig11FD111_D1,VD1.1
111,ig11FD111_D2,VD1.2
111,ig11FD111_D3,VD2.1
111,ig11FD111_D4,VD3.1
111,ig11FD111_D5,VD4.1
111,ig11FD111_D6,VD5.1
111,ig11FD111_D7,VD5.2
111,ig11FD111_D8,VD6.1
111,ig11FD111_D9,VD7.1
111,ig11FD111_D10,VD8.1
111,ig11FD111_D11,PM23/24
112,ig11FD112_D1,VD1.1
112,ig11FD112_D2,VD1.2
112,ig11FD112_D3,VD2.1
112,ig11FD112_D4,VD2.2
112,ig11FD112_D5,VD3.1
112,ig11FD112_D6,VD3.2
112,ig11FD112_D7,VD4.1
112,ig11FD112_D8,VD4.2
112,ig11FD112_D9,VD5.1
112,ig11FD112_D10,VD6.1
112,ig11FD112_D11,VD7.1
112,ig11FD112_D12,VD8.1
113,ig11FD113_D1,VD1.1
113,ig11FD113_D2,VD1.2
113,ig11FD113_D3,VD2.1
113,ig11FD113_D4,VD2.2
113,ig11FD113_D5,VD3.1
113,ig11FD113_D6,VD3.2
113,ig11FD113_D7,VD4.1
113,ig11FD113_D8,VD5.1
113,ig11FD113_D9,VD5.2
113,ig11FD113_D10,VD6.1
113,ig11FD113_D11,VD6.2
114,ig11FD114_D1,VD1.1
114,ig11FD114_D2,VD2.1
114,ig11FD114_D3,VD2.2
114,ig11FD114_D4,VD2.3
114,ig11FD114_D5,VD3.1
114,ig11FD114_D6,VD3.2
114,ig11FD114_D7,VD4.1
114,ig11FD114_D8,VD4.2
114,ig11FD114_D9,VD4.3
114,ig11FD114_D10,VD5.1
114,ig11FD114_D11,VD5.2
114,ig11FD114_D12,VD5.3
114,ig11FD114_D13,VD6.1
114,ig11FD114_D14,VD6.2
114,ig11FD114_D15,VD7.1
114,ig11FD114_D16,VD8.1
114,ig11FD114_D17,D1
114,ig11FD114_D18,D2
114,ig11FD114_D52,VD1.2
115,ig11FD115_D1,D1
115,ig11FD115_D2,D2
115,ig11FD115_D3,D3
115,ig11FD115_D4,D4
115,ig11FD115_D5,D5
115,ig11FD115_D6,D6
115,ig11FD115_D7,D7
115,ig11FD115_D8,D8
115,ig11FD115_D9,D9
115,ig11FD115_D10,D10
115,ig11FD115_D11,D11
115,ig11FD115_D12,D12
115,ig11FD115_D13,D13
115,ig11FD115_D14,D14
116,ig11FD116_D1,D1
116,ig11FD116_D2,D2
116,ig11FD116_D3,D3
116,ig11FD116_D4,D4
116,ig11FD116_D5,D5
116,ig11FD116_D6,D6
116,ig11FD116_D7,D7
116,ig11FD116_D8,D8
116,ig11FD116_D9,D9
116,ig11FD116_D10,D10
116,ig11FD116_D11,D11
116,ig11FD116_D12,D12
116,ig11FD116_D13,D13
116,ig11FD116_D14,D14
116,ig11FD116_D15,D15
116,ig11FD116_D16,D16
116,ig11FD116_D17,D17
117,ig11FD117_D1,VD1.1
117,ig11FD117_D2,VD1.2
117,ig11FD117_D3,D1
117,ig11FD117_D4,D2
117,ig11FD117_D5,D3
117,ig11FD117_D6,D4
117,ig11FD117_D7,D5
117,ig11FD117_D8,PM23/24
118,ig11FD118_D1,VD1.1
118,ig11FD118_D2,VD1.2
118,ig11FD118_D3,VD1.3
118,ig11FD118_D4,VD2.1
118,ig11FD118_D5,VD2.2
118,ig11FD118_D6,VD3.1
118,ig11FD118_D7,VD3.2
118,ig11FD118_D8,VD4.1
118,ig11FD118_D9,VD5.1
118,ig11FD118_D10,VD5.2
118,ig11FD118_D11,VD6.1
118,ig11FD118_D12,VD6.2
118,ig11FD118_D13,VD7.1
118,ig11FD118_D14,VD7.2
118,ig11FD118_D15,D1
118,ig11FD118_D16,D2
118,ig11FD118_D17,D3
118,ig11FD118_D18,D4
118,ig11FD118_D19,D5
118,ig11FD118_D20,PB21/22
118,ig11FD118_D21,PB23/24
118,ig11FD118_D22,PB25/26
118,ig11FD118_D23,PB27/28
118,ig11FD118_D24,PB29/30
118,ig11FD118_D25,PB31/32
119,ig11FD119_D1,VD1.1
119,ig11FD119_D2,VD1.2
119,ig11FD119_D3,VD2.1
119,ig11FD119_D4,VD3.1
119,ig11FD119_D5,VD3.2
119,ig11FD119_D6,VD4.1
119,ig11FD119_D7,VD4.2
119,ig11FD119_D8,VD5.1
119,ig11FD119_D9,VD5.2
119,ig11FD119_D10,VD6.1
119,ig11FD119_D11,VD6.2
119,ig11FD119_D12,PM21/22
119,ig11FD119_D13,BM21/22
119,ig11FD119_D14,PM25/26
120,ig11FD120_D1,VD1.1
120,ig11FD120_D2,VD2.1
120,ig11FD120_D3,PM21/22
121,ig11FD121_D1,D1
121,ig11FD121_D2,D2
121,ig11FD121_D3,D3
121,ig11FD121_D4,D4
121,ig11FD121_D5,D5
121,ig11FD121_D6,D6
121,ig11FD121_D7,D7
121,ig11FD121_D8,D8
121,ig11FD121_D9,D9
121,ig11FD121_D10,D10
121,ig11FD121_D11,PM21/22
121,ig11FD121_D32,D11
121,ig11FD121_D33,PM23/24
151,ig11FD151_D1,VD1.1
151,ig11FD151_D2,VD2.1
151,ig11FD151_D3,VD2.2
151,ig11FD151_D4,PM21/22
152,ig11FD152_D1,VD1.1
152,ig11FD152_D2,VD1.2
152,ig11FD152_D3,VD2.1
152,ig11FD152_D4,VD3.1
152,ig11FD152_D5,VD4.1
152,ig11FD152_D6,VD4.2
152,ig11FD152_D7,VD5.1
152,ig11FD152_D8,VD6.1
152,ig11FD152_D9,VD7.1
0153_Merged,ig11FD153_D1,VD1.1
0153_Merged,ig11FD153_D2,VD1.2
0153_Merged,ig11FD153_D3,VD2.1
0153_Merged,ig11FD153_D4,VD2.2
0153_Merged,ig11FD153_D5,VD3.1
0153_Merged,ig11FD153_D6,VD3.2
0153_Merged,ig11FD153_D7,VD4.1
0153_Merged,ig11FD153_D8,VD4.2
0153_Merged,ig11FD153_D9,VD5.1
0153_Merged,ig11FD153_D10,VD5.2
0153_Merged,ig11FD153_D11,VD6.1
0153_Merged,ig11FD153_D12,VD6.2
0153_Merged,ig11FD153_D13,VD7.1
0153_Merged,ig11FD153_D14,VD7.2
0153_Merged,ig11FD153_D15,VD8.1
0153_Merged,ig11FD153_D16,VD8.2
0153_Merged,ig11FD153_D17,VD9.1
0153_Merged,ig11FD153_D18,VD9.2
0153_Merged,ig11FD153_D19,VD10.1
0153_Merged,ig11FD153_D20,VD10.2
0153_Merged,ig11FD153_D21,VD11.1
0153_Merged,ig11FD153_D22,VD11.2
0153_Merged,ig11FD153_D23,VD12.1
0153_Merged,ig11FD153_D24,VD12.2
0153_Merged,ig11FD153_D25,VD13.1
0153_Merged,ig11FD153_D26,VD13.2
0153_Merged,ig11FD153_D27,VD14.1
0153_Merged,ig11FD153_D28,VD14.2
0153_Merged,ig11FD153_D29,VD15.1
0153_Merged,ig11FD153_D30,VD15.2
0153_Merged,ig11FD153_D31,VD16.1
0153_Merged,ig11FD153_D32,VD16.2
0153_Merged,ig11FD153_D33,VD17.1
0153_Merged,ig11FD153_D34,VD17.2
0153_Merged,ig11FD153_D35,VD17.3
0153_Merged,ig11FD153_D36,VD18.1
0153_Merged,ig11FD153_D37,VD18.2
0153_Merged,ig11FD153_D38,VD18.3
0153_Merged,ig11FD153_D39,VD19.1
0153_Merged,ig11FD153_D40,VD19.2
0153_Merged,ig11FD153_D41,VD20.1
0153_Merged,ig11FD153_D42,VD20.2
0153_Merged,ig11FD153_D43,VD21.1
0153_Merged,ig11FD153_D44,VD21.2
0153_Merged,ig11FD153_D45,VD21.3
0153_Merged,ig11FD153_D46,VD22.1
0153_Merged,ig11FD153_D47,VD22.2
0153_Merged,ig11FD153_D48,VD22.3
0153_Merged,ig11FD153_D49,PM13
0153_Merged,ig11FD153_D50,PM14
0153_Merged,ig11FD153_D51,PM15
0153_Merged,ig11FD153_D52,PM16
0153_Merged,ig11FD153_D53,PM17
0153_Merged,ig11FD153_D54,PM18
0153_Merged,ig11FD153_D55,PM19
0153_Merged,ig11FD153_D56,PM20
0153_Merged,ig11FD153_D57,DM21
0153_Merged,ig11FD153_D58,PM28
0153_Merged,ig11FD153_D59,PM29
0153_Merged,ig11FD153_D60,PM30
0153_Merged,ig11FD153_D61,DM31
0153_Merged,ig11FD153_D62,DM32
0154_Merged,ig11FD154_D1,VD1.1
0154_Merged,ig11FD154_D2,VD1.2
0154_Merged,ig11FD154_D3,VD1.3
0154_Merged,ig11FD154_D4,VD2.1
0154_Merged,ig11FD154_D5,VD2.2
0154_Merged,ig11FD154_D6,VD2.3
0154_Merged,ig11FD154_D7,VD3.1
0154_Merged,ig11FD154_D8,VD3.2
0154_Merged,ig11FD154_D9,VD4.1
0154_Merged,ig11FD154_D10,VD4.2
0154_Merged,ig11FD154_D11,VD5.1
0154_Merged,ig11FD154_D12,VD5.2
0154_Merged,ig11FD154_D13,VD5.3
0154_Merged,ig11FD154_D14,VD6.1
0154_Merged,ig11FD154_D15,VD6.2
0154_Merged,ig11FD154_D16,VD6.3
0154_Merged,ig11FD154_D17,PM7
0154_Merged,ig11FD154_D18,PM8
0154_Merged,ig11FD154_D19,PM9
0154_Merged,ig11FD154_D20,PM10
0154_Merged,ig11FD154_D21,DM11
155,ig11FD155_D1,VD1.1
155,ig11FD155_D2,VD1.2
155,ig11FD155_D3,VD2.1
155,ig11FD155_D4,VD2.2
155,ig11FD155_D5,PM21/22
156,ig11FD156_D1,VD1.1
156,ig11FD156_D2,VD2.1
156,ig11FD156_D3,VD2.2
156,ig11FD156_D4,VD3.1
156,ig11FD156_D5,VD3.2
156,ig11FD156_D6,VD4.1
156,ig11FD156_D7,VD4.2
156,ig11FD156_D8,VD5.1
156,ig11FD156_D9,VD5.2
0201dvir,ig11FD201_D1,VD1.1
0201dvir,ig11FD201_D2,VD1.2
0201dvir,ig11FD201_D3,VD2.1
0201dvir,ig11FD201_D4,VD3.1
0201dvir,ig11FD201_D5,VD3.2
0201dvir,ig11FD201_D6,DV3.3
0201dvir,ig11FD201_D7,VD4.1
0201dvir,ig11FD201_D8,VD5.1
0201dvir,ig11FD201_D9,VD6.1
0201dvir,ig11FD201_D10,VD6.2
0201dvir,ig11FD201_D11,VD7.1
0201dvir,ig11FD201_D12,VD7.2
0201dvir,ig11FD201_D13,VD8.1
0201dvir,ig11FD201_D14,VD8.2
0201dvir,ig11FD201_D15,VD9.1
0201dvir,ig11FD201_D26,VD6.3
0202_Merged,ig11FD202_D1,VD1.1
0202_Merged,ig11FD202_D2,VD1.2
0202_Merged,ig11FD202_D3,VD2.2
0202_Merged,ig11FD202_D4,VD3.1
0202_Merged,ig11FD202_D5,VD2.1
0202_Merged,ig11FD202_D6,VD4.2
0202_Merged,ig11FD202_D7,VD4.1
0202_Merged,ig11FD202_D8,VD5.1
0202_Merged,ig11FD202_D9,VD5.2
0203_Merged,ig11FD203_D1,D1
0203_Merged,ig11FD203_D2,D2
0203_Merged,ig11FD203_D3,D3
0203_Merged,ig11FD203_D4,D4
0203_Merged,ig11FD203_D5,D5
0203_Merged,ig11FD203_D6,D6
0203_Merged,ig11FD203_D7,D7
0203_Merged,ig11FD203_D8,D8
0203_Merged,ig11FD203_D9,D9
0203_Merged,ig11FD203_D10,D10
0203_Merged,ig11FD203_D11,D11
0203_Merged,ig11FD203_D12,D12
0203_Merged,ig11FD203_D13,D13
0203_Merged,ig11FD203_D14,D14
0203_Merged,ig11FD203_D15,D15
0203_Merged,ig11FD203_D16,D16
0204_Merged,ig11FD204_D1,VD1.1
0204_Merged,ig11FD204_D2,VD1.2
0204_Merged,ig11FD204_D3,VD2.1
0204_Merged,ig11FD204_D4,VD2.2
0204_Merged,ig11FD204_D5,VD3.1
0204_Merged,ig11FD204_D6,VD4.1
0204_Merged,ig11FD204_D7,VD5.1
0204_Merged,ig11FD204_D8,PM21/22
0205_Merged,ig11FD205_D1,VD1.1
0205_Merged,ig11FD205_D2,VD1.2
0205_Merged,ig11FD205_D3,VD2.1
0205_Merged,ig11FD205_D4,VD2.2
0205_Merged,ig11FD205_D5,PM21/22
0206_Merged,ig11FD206_D1,VD1.1
0206_Merged,ig11FD206_D2,VD1.2
0206_Merged,ig11FD206_D3,VD1.3
0206_Merged,ig11FD206_D4,VD2.1
0206_Merged,ig11FD206_D5,VD2.2
0206_Merged,ig11FD206_D6,VD3.1
0206_Merged,ig11FD206_D7,VD3.2
0206_Merged,ig11FD206_D8,VD3.3
0206_Merged,ig11FD206_D9,VD4.1
0206_Merged,ig11FD206_D10,VD4.2
0206_Merged,ig11FD206_D11,VD4.3
0206_Merged,ig11FD206_D12,D1
0206_Merged,ig11FD206_D13,D2
0206_Merged,ig11FD206_D14,D3
0206_Merged,ig11FD206_D15,D4
0206_Merged,ig11FD206_D16,D5
0206_Merged,ig11FD206_D17,D6
0206_Merged,ig11FD206_D18,D7
0206_Merged,ig11FD206_D19,D8
0206_Merged,ig11FD206_D20,D9
207,ig11FD207_D1,VD1.1
207,ig11FD207_D2,VD1.2
207,ig11FD207_D3,VD2.1
207,ig11FD207_D4,VD3.1
207,ig11FD207_D5,VD3.2
207,ig11FD207_D6,VD4.1
207,ig11FD207_D7,VD5.1
207,ig11FD207_D8,VD5.2
207,ig11FD207_D9,VD6.1
207,ig11FD207_D10,VD6.2
207,ig11FD207_D11,VD7.1
207,ig11FD207_D12,VD7.2
207,ig11FD207_D13,VD8.1
207,ig11FD207_D14,VD9.1
207,ig11FD207_D15,VD9.2
207,ig11FD207_D16,VD9.3
207,ig11FD207_D17,VD10.1
207,ig11FD207_D18,VD10.2
207,ig11FD207_D19,VD11.1
207,ig11FD207_D20,VD12.1
207,ig11FD207_D21,VD12.2
207,ig11FD207_D22,VD12.3
0209_Merged,ig11FD209_D1,VD1.1
0209_Merged,ig11FD209_D2,VD1.2
0209_Merged,ig11FD209_D3,VD2.1
0209_Merged,ig11FD209_D4,VD2.2
0209_Merged,ig11FD209_D5,PM21/22
0210_Merged,ig11FD210_D1,VD1.1
0210_Merged,ig11FD210_D2,VD1.2
0210_Merged,ig11FD210_D3,VD2.1
0210_Merged,ig11FD210_D4,VD2.2
0210_Merged,ig11FD210_D5,VD3.1
0210_Merged,ig11FD210_D6,VD3.2
0210_Merged,ig11FD210_D7,VD3.3
0210_Merged,ig11FD210_D8,VD4.1
0210_Merged,ig11FD210_D9,VD4.2
0210_Merged,ig11FD210_D10,VD4.3
0210_Merged,ig11FD210_D11,VD5.1
0210_Merged,ig11FD210_D12,VD5.2
0210_Merged,ig11FD210_D13,VD6.1
0210_Merged,ig11FD210_D14,VD6.2
0210_Merged,ig11FD210_D15,PM21/22
0210_Merged,ig11FD210_D16,PM23/24
211,ig11FD211_D1,VD1.1
211,ig11FD211_D2,VD1.2
211,ig11FD211_D3,VD2.1
211,ig11FD211_D4,VD2.2
211,ig11FD211_D5,VD2.3
211,ig11FD211_D6,VD3.1
211,ig11FD211_D7,VD3.2
211,ig11FD211_D8,VD3.3
211,ig11FD211_D9,VD4.1
211,ig11FD211_D10,VD4.2
211,ig11FD211_D11,VD4.3
211,ig11FD211_D12,VD5.1
211,ig11FD211_D13,VD5.2
211,ig11FD211_D14,VD6.1
211,ig11FD211_D15,VD6.2
211,ig11FD211_D16,VD7.1
211,ig11FD211_D17,VD7.2
211,ig11FD211_D18,VD7.3
211,ig11FD211_D19,VD7.4
211,ig11FD211_D20,VD8.1
211,ig11FD211_D21,VD8.2
211,ig11FD211_D22,VD8.3
211,ig11FD211_D23,VD8.4
211,ig11FD211_D24,VD9.1
211,ig11FD211_D25,PM21/22
211,ig11FD211_D26,PM23/24
211,ig11FD211_D27,PM25/26
211,ig11FD211_D28,PM27/28
211,ig11FD211_D29,PM29/30
213,ig11FD213_D1,D1
213,ig11FD213_D2,D2
213,ig11FD213_D3,D3
213,ig11FD213_D4,D4
213,ig11FD213_D5,D5
213,ig11FD213_D6,D6
213,ig11FD213_D7,D7
213,ig11FD213_D8,D8
213,ig11FD213_D9,D9
213,ig11FD213_D10,D10
213,ig11FD213_D11,D11
213,ig11FD213_D12,D12
213,ig11FD213_D13,D13
213,ig11FD213_D14,D14
213,ig11FD213_D15,D15
213,ig11FD213_D16,D16
213,ig11FD213_D17,D17
213,ig11FD213_D18,D18
213,ig11FD213_D19,D19
213,ig11FD213_D20,D20
213,ig11FD213_D21,D21
213,ig11FD213_D22,D22
213,ig11FD213_D23,D23
214,ig11FD214_D1,D1
214,ig11FD214_D2,D2
214,ig11FD214_D3,D3
214,ig11FD214_D4,D4
214,ig11FD214_D5,D5
214,ig11FD214_D6,D6
214,ig11FD214_D7,D7
214,ig11FD214_D8,D8
214,ig11FD214_D9,D9
214,ig11FD214_D10,D10
214,ig11FD214_D11,D11
214,ig11FD214_D12,D12
214,ig11FD214_D13,D13
214,ig11FD214_D14,D14
214,ig11FD214_D15,D15
214,ig11FD214_D16,D16
214,ig11FD214_D17,PM21/22
214,ig11FD214_D18,PM23/24
214,ig11FD214_D19,PM25/26
214,ig11FD214_D20,PM27/28
215,ig11FD215_D1,VD1.1
215,ig11FD215_D2,VD1.2
215,ig11FD215_D3,VD2.1
215,ig11FD215_D4,VD3.1
215,ig11FD215_D5,VD3.2
215,ig11FD215_D6,VD4.1
215,ig11FD215_D7,VD4.2
215,ig11FD215_D8,VD7.1
215,ig11FD215_D9,VD8.1
215,ig11FD215_D10,VD8.2
215,ig11FD215_D11,VD8.3
215,ig11FD215_D12,VD9.1
215,ig11FD215_D13,VD10.1
215,ig11FD215_D14,VD10.2
215,ig11FD215_D15,VD11.1
215,ig11FD215_D16,VD11.2
215,ig11FD215_D17,VD12.1
215,ig11FD215_D18,VD5.1
215,ig11FD215_D19,VD5.2
215,ig11FD215_D20,VD5.3
215,ig11FD215_D21,VD6.1
215,ig11FD215_D22,VD6.2
215,ig11FD215_D23,VD6.3
215,ig11FD215_D24,PM23/24
215,ig11FD215_D25,PM25/26
215,ig11FD215_D26,PM27/28
215,ig11FD215_D27,PM29/30
215,ig11FD215_D28,PM31/32
216,ig11FD216_D1,VD1.1
216,ig11FD216_D2,VD1.2
216,ig11FD216_D3,VD1.3
216,ig11FD216_D4,VD2.1
216,ig11FD216_D5,VD2.2
216,ig11FD216_D6,VD2.3
216,ig11FD216_D7,VD3.1
216,ig11FD216_D8,VD3.2
216,ig11FD216_D9,VD3.3
216,ig11FD216_D10,VD4.1
216,ig11FD216_D11,VD4.2
216,ig11FD216_D12,VD4.3
216,ig11FD216_D13,VD5.1
216,ig11FD216_D14,VD5.2
216,ig11FD216_D15,VD6.1
216,ig11FD216_D16,VD6.2
216,ig11FD216_D17,VD7.1
216,ig11FD216_D18,VD7.2
216,ig11FD216_D19,VD8.1
216,ig11FD216_D20,VD8.2
216,ig11FD216_D21,VD9.1
216,ig11FD216_D22,VD9.2
216,ig11FD216_D23,VD10.1
216,ig11FD216_D24,VD10.2
216,ig11FD216_D25,VD11.1
216,ig11FD216_D26,VD11.2
216,ig11FD216_D27,VD12.1
216,ig11FD216_D28,VD12.2
216,ig11FD216_D29,PM23/24
216,ig11FD216_D30,PM27/28
217,ig11FD217_D1,VD1.1
217,ig11FD217_D2,VD1.2
217,ig11FD217_D3,VD2.1
217,ig11FD217_D4,VD2.2
217,ig11FD217_D5,PM21/22
0218_Merged,ig11FD218_D1,VD1.1
0218_Merged,ig11FD218_D2,VD1.2
0218_Merged,ig11FD218_D3,VD2.1
0218_Merged,ig11FD218_D4,VD2.2
0218_Merged,ig11FD218_D5,VD3.1
0218_Merged,ig11FD218_D6,VD3.2
0218_Merged,ig11FD218_D7,VD4.1
0218_Merged,ig11FD218_D8,VD4.2
0218_Merged,ig11FD218_D9,VD5.1
0218_Merged,ig11FD218_D10,VD6.1
0218_Merged,ig11FD218_D11,VD6.2
0218_Merged,ig11FD218_D12,VD6.3
0218_Merged,ig11FD218_D13,VD7.1
0218_Merged,ig11FD218_D14,VD7.2
0218_Merged,ig11FD218_D15,VD7.3
0219_Merged,ig11FD219_D1,VD1.1
0219_Merged,ig11FD219_D2,VD1.2
0219_Merged,ig11FD219_D3,VD2.1
0219_Merged,ig11FD219_D4,VD2.2
0219_Merged,ig11FD219_D5,PM21/22
0219_Merged,ig11FD219_D6,DM21/22
251,ig11FD251_D1,D1
251,ig11FD251_D2,D2
251,ig11FD251_D3,D3
251,ig11FD251_D4,D4
251,ig11FD251_D5,D5
251,ig11FD251_D6,D6
251,ig11FD251_D7,D7
251,ig11FD251_D8,D8
251,ig11FD251_D9,D9
251,ig11FD251_D10,D10
251,ig11FD251_D11,D11
251,ig11FD251_D12,D12
251,ig11FD251_D13,D13
251,ig11FD251_D14,D14
252,ig11FD252_D1,D1
252,ig11FD252_D2,D2
252,ig11FD252_D3,D3
252,ig11FD252_D4,D4
252,ig11FD252_D5,D5
252,ig11FD252_D6,D6
252,ig11FD252_D7,D7
252,ig11FD252_D8,D8
252,ig11FD252_D9,D9
252,ig11FD252_D10,D10
252,ig11FD252_D11,D11
252,ig11FD252_D12,D12
252,ig11FD252_D13,D13
254,ig11FD254_D1,D1
254,ig11FD254_D2,D2
254,ig11FD254_D3,D3
254,ig11FD254_D4,D4
254,ig11FD254_D5,D5
254,ig11FD254_D6,D6
254,ig11FD254_D7,D7
254,ig11FD254_D8,D8
254,ig11FD254_D9,D9
254,ig11FD254_D10,PM23/24
254,ig11FD254_D11,PM25/26
255,ig11FD255_D1,D1
255,ig11FD255_D2,D2
255,ig11FD255_D3,D3
255,ig11FD255_D4,D4
255,ig11FD255_D5,D5
255,ig11FD255_D6,D6
255,ig11FD255_D7,D7
255,ig11FD255_D8,D8
255,ig11FD255_D9,D9
255,ig11FD255_D10,D10
255,ig11FD255_D11,D11
255,ig11FD255_D12,D12
256,ig11FD256_D1,old_VD1_1
256,ig11FD256_D2,old_VD1_2
256,ig11FD256_D3,old_VD2_1
256,ig11FD256_D4,old_VD2_2
256,ig11FD256_D5,VD3_1
256,ig11FD256_D6,VD3_2
256,ig11FD256_D7,VD4_1
256,ig11FD256_D8,VD4_2
256,ig11FD256_D9,VD5_1
256,ig11FD256_D10,VD5_2
256,ig11FD256_D11,VD5_3
256,ig11FD256_D12,VD6_1
256,ig11FD256_D13,VD6_2
256,ig11FD256_D14,VD7_1
256,ig11FD256_D15,VD7_2
256,ig11FD256_D16,VD8_1
256,ig11FD256_D17,old_VD9_1
256,ig11FD256_D18,old_VD9_2
256,ig11FD256_D19,old_VD10_1
256,ig11FD256_D20,old_VD10_2
256,ig11FD256_D21,old_VD11_1
256,ig11FD256_D22,old_VD11_2
256,ig11FD256_D23,VD12_1_new
256,ig11FD256_D24,VD12_2_new
256,ig11FD256_D25,VD13_1_new
256,ig11FD256_D26,VD13_2_new
256,ig11FD256_D27,VD14_1_new
256,ig11FD256_D28,VD14_2_new
256,ig11FD256_D29_VD15_1_new,VD15_1_new
256,ig11FD256_D30_VD15_2_new,VD15_2_new
256,ig11FD256_D31_VD16_1_new,VD16_1_new
256,ig11FD256_D32_VD16_2_new,VD16_2_new
256,ig11FD256_D33_VD17_1_new,VD17_1_new
256,ig11FD256_D34_VD18_1_new,VD18_1_new
256,ig11FD256_D35_VD19_1_new,VD19_1_new
256,ig11FD256_D36_VD19_2_new,VD19_2_new
256,ig11FD256_D37_VD20_1_new,VD20_1_new
256,ig11FD256_D38_VD20_2_new,VD20_2_new
256,ig11FD256_D39_PB21_22p,PB21/22p
256,ig11FD256_D40_PB21_22b,PB21/22b
256,ig11FD256_D41_PB23_24p,PB23/24p
256,ig11FD256_D42_PB23_24b,PB23/24b
256,ig11FD256_D43_PB25_26p,PB25/26p
256,ig11FD256_D44_PB25_26b,PB25/26b
0257_Merged,ig11FD257_D1,VD1.1
0257_Merged,ig11FD257_D2,VD1.2
0257_Merged,ig11FD257_D3,VD1.3
0257_Merged,ig11FD257_D4,VD2.1
0257_Merged,ig11FD257_D5,VD2.2
0257_Merged,ig11FD257_D6,VD2.3
0257_Merged,ig11FD257_D7,VD3.1
0257_Merged,ig11FD257_D8,VD3.2
0257_Merged,ig11FD257_D9,VD3.3
0257_Merged,ig11FD257_D10,VD4.1
0257_Merged,ig11FD257_D11,VD4.2
0257_Merged,ig11FD257_D12,VD4.3
0257_Merged,ig11FD257_D13,VD5.1
0257_Merged,ig11FD257_D14,VD5.2
0257_Merged,ig11FD257_D15,VD6.1
0257_Merged,ig11FD257_D16,VD7.1
0257_Merged,ig11FD257_D17,VD7.2
0257_Merged,ig11FD257_D18,VD8.1
0257_Merged,ig11FD257_D19,VD8.2
0257_Merged,ig11FD257_D20,VD9.1
0257_Merged,ig11FD257_D21,VD9.2
0257_Merged,ig11FD257_D22,VD10.1
0257_Merged,ig11FD257_D23,VD10.2
0257_Merged,ig11FD257_D24,PB21/22p
0257_Merged,ig11FD257_D25,PB21/22b
0257_Merged,ig11FD257_D26,PB23/24p
0257_Merged,ig11FD257_D27,PB25/26p
0257_Merged,ig11FD257_D28,PB27/28p
0257_Merged,ig11FD257_D29,PB27/28b
0258_Merged,ig11FD258_D1,VD1.1
0258_Merged,ig11FD258_D2,VD2.1
0258_Merged,ig11FD258_D3,VD2.2
0258_Merged,ig11FD258_D4,VD3.1
0258_Merged,ig11FD258_D5,VD3.2
0258_Merged,ig11FD258_D6,VD4.1
0258_Merged,ig11FD258_D7,VD4.2
0258_Merged,ig11FD258_D8,PM23/24
0259_Merged,ig11FD259_D1,VD1.1
0259_Merged,ig11FD259_D2,VD1.2
0259_Merged,ig11FD259_D3,VD2.1
0259_Merged,ig11FD259_D4,VD3.1
0259_Merged,ig11FD259_D5,VD4.1
0259_Merged,ig11FD259_D6,VD5.1
0259_Merged,ig11FD259_D7,VD5.2
0259_Merged,ig11FD259_D8,VD6.1
0259_Merged,ig11FD259_D9,VD7.1
0259_Merged,ig11FD259_D10,VD8.1
0259_Merged,ig11FD259_D11,PM25/26
0260_Merged,ig11FD260_D1,D1
0260_Merged,ig11FD260_D2,D2
0260_Merged,ig11FD260_D3,D3
0260_Merged,ig11FD260_D4,D4
0260_Merged,ig11FD260_D5,D5
0260_Merged,ig11FD260_D6,D6
0260_Merged,ig11FD260_D7,D7
0260_Merged,ig11FD260_D8,D8
0260_Merged,ig11FD260_D9,D9
0260_Merged,ig11FD260_D10,D10
0262_Merged,ig11FD262_D1,VD1.1
0262_Merged,ig11FD262_D2,VD1.2
0262_Merged,ig11FD262_D3,VD2.1
0262_Merged,ig11FD262_D4,VD2.2
0262_Merged,ig11FD262_D5,VD3.1
0262_Merged,ig11FD262_D6,VD3.2
0262_Merged,ig11FD262_D7,VD3.3
0262_Merged,ig11FD262_D8,VD4.1
0262_Merged,ig11FD262_D9,VD4.2
0262_Merged,ig11FD262_D10,VD4.3
0262_Merged,ig11FD262_D11,VD5.1
0262_Merged,ig11FD262_D12,VD5.2
0262_Merged,ig11FD262_D13,VD6.1
0262_Merged,ig11FD262_D14,VD6.2
0262_Merged,ig11FD262_D15,PM21/22
0262_Merged,ig11FD262_D16,PM23/24
0301_Merged,ig11FD301_D1,VD1.1
0301_Merged,ig11FD301_D2,VD1.2
0301_Merged,ig11FD301_D3,VD2.1
0301_Merged,ig11FD301_D4,VD2.2
0301_Merged,ig11FD301_D5,VD2.3
0301_Merged,ig11FD301_D6,VD3.1
0301_Merged,ig11FD301_D7,VD3.2
0301_Merged,ig11FD301_D8,VD4.1
0301_Merged,ig11FD301_D9,VD5.1
0301_Merged,ig11FD301_D10,PM21/22
0301_Merged,ig11FD301_D11,PM23/24
0301_Merged,ig11FD301_D12,PM25/26
0302_Merged,ig11FD302_D1,VD1.1
0302_Merged,ig11FD302_D2,VD1.2
0302_Merged,ig11FD302_D3,VD2.1
0302_Merged,ig11FD302_D4,VD3.1
0302_Merged,ig11FD302_D5,VD4.1
0302_Merged,ig11FD302_D6,VD4.2
0302_Merged,ig11FD302_D7,VD4.3
0302_Merged,ig11FD302_D8,VD5.1
0302_Merged,ig11FD302_D9,VD5.2
0302_Merged,ig11FD302_D10,VD6.1
0302_Merged,ig11FD302_D11,VD6.2
0302_Merged,ig11FD302_D12,VD6.3
0302_Merged,ig11FD302_D13,VD7.1
0302_Merged,ig11FD302_D14,VD7.2
0302_Merged,ig11FD302_D15,VD7.3
0302_Merged,ig11FD302_D16,VD8.1
0302_Merged,ig11FD302_D17,PM21/22
0302_Merged,ig11FD302_D18,PM23/24
0302_Merged,ig11FD302_D19,PM27/28
0303_Merged,ig11FD303_D1,VD1.1
0303_Merged,ig11FD303_D2,VD1.2
0303_Merged,ig11FD303_D3,VD2.1
0303_Merged,ig11FD303_D4,VD2.2
0303_Merged,ig11FD303_D5,PM21/22
0304_Merged,ig11FD304_D1,VD1.1
0304_Merged,ig11FD304_D2,VD1.2
0304_Merged,ig11FD304_D3,VD2.1
0304_Merged,ig11FD304_D4,VD2.2
0304_Merged,ig11FD304_D5,VD3.1
0304_Merged,ig11FD304_D6,PM21/22
306,ig11FD306_D1,VD1.1
306,ig11FD306_D2,VD2.1
306,ig11FD306_D3,VD2.2
306,ig11FD306_D4,VD3.1
306,ig11FD306_D5,VD3.2
306,ig11FD306_D6,VD4.1
306,ig11FD306_D7,VD5.1
306,ig11FD306_D8,VD6.1
306,ig11FD306_D9,VD6.2
306,ig11FD306_D10,VD7.1
306,ig11FD306_D11,VD7.2
306,ig11FD306_D12,PM21/22
0308_Merged,ig11FD308_D1,VD1.1
0308_Merged,ig11FD308_D2,VD1.2
0308_Merged,ig11FD308_D3,VD2.1
0308_Merged,ig11FD308_D4,VD2.2
0308_Merged,ig11FD308_D5,PM21/22
0309_Merged,ig11FD309_D1,VD1.1
0309_Merged,ig11FD309_D2,VD1.2
0309_Merged,ig11FD309_D3,VD2.1
0309_Merged,ig11FD309_D4,VD2.2
0309_Merged,ig11FD309_D5,PM 21/22
0310_Merged,ig11FD310_D1,VD1.1
0310_Merged,ig11FD310_D2,VD1.2
0310_Merged,ig11FD310_D3,VD2.1
0310_Merged,ig11FD310_D4,VD2.2
0310_Merged,ig11FD310_D5,PM21/22
311,ig11FD311_D1,VD1.1
311,ig11FD311_D2,VD1.2
311,ig11FD311_D3,VD1.3
311,ig11FD311_D4,VD2.1
311,ig11FD311_D5,VD2.2
311,ig11FD311_D6,VD3.1
311,ig11FD311_D7,VD3.2
311,ig11FD311_D8,VD4.1
311,ig11FD311_D9,VD5.1
311,ig11FD311_D10,VD5.2
311,ig11FD311_D11,VD5.3
311,ig11FD311_D12,VD6.1
311,ig11FD311_D13,VD6.2
311,ig11FD311_D14,VD6.3
311,ig11FD311_D15,VD7.1
311,ig11FD311_D16,VD8.1
311,ig11FD311_D17,VD8.2
0312_Merged,ig11FD312_D1,VD1.1
0312_Merged,ig11FD312_D2,VD1.2
0312_Merged,ig11FD312_D3,VD2.1
0312_Merged,ig11FD312_D4,VD2.2
0312_Merged,ig11FD312_D5,VD3.1
0312_Merged,ig11FD312_D6,VD3.2
0312_Merged,ig11FD312_D7,VD4.1
0312_Merged,ig11FD312_D8,VD4.2
0312_Merged,ig11FD312_D9,VD4.3
0312_Merged,ig11FD312_D10,VD5.1
0312_Merged,ig11FD312_D11,VD5.2
0312_Merged,ig11FD312_D12,D1
0312_Merged,ig11FD312_D13,D2
0312_Merged,ig11FD312_D46,VD1.3
0312_Merged,ig11FD312_D47,VD3.3
0312_Merged,ig11FD312_D48,VD4.4
0313_Merged,ig11FD313_D1,VD1.1
0313_Merged,ig11FD313_D2,VD1.2
0313_Merged,ig11FD313_D3,VD2.1
0313_Merged,ig11FD313_D4,VD2.2
0313_Merged,ig11FD313_D5,PM21/22
0314_Merged,ig11FD314_D1,VD1.1
0314_Merged,ig11FD314_D2,VD1.2
0314_Merged,ig11FD314_D3,VD2.1
0314_Merged,ig11FD314_D4,VD2.2
0314_Merged,ig11FD314_D5,VD3.1
0314_Merged,ig11FD314_D6,VD4.1
0314_Merged,ig11FD314_D7,VD5.1
0314_Merged,ig11FD314_D8,PM23/24
315,ig11FD315_D1,VD1.1
315,ig11FD315_D2,VD1.2
315,ig11FD315_D3,VD2.1
315,ig11FD315_D4,VD2.2
315,ig11FD315_D5,VD3.1
315,ig11FD315_D6,VD3.2
315,ig11FD315_D7,VD3.3
315,ig11FD315_D8,VD4.1
315,ig11FD315_D9,VD4.2
315,ig11FD315_D10,VD5.1
315,ig11FD315_D11,VD5.2
315,ig11FD315_D12,VD6.1
315,ig11FD315_D13,VD6.2
315,ig11FD315_D14,PM21/22
315,ig11FD315_D15,PM25/26
315,ig11FD315_D16,PM27/28
315,ig11FD315_D17,PM23/24
0317_Merged,ig11FD317_D1,VD1.1
0317_Merged,ig11FD317_D2,VD1.2
0317_Merged,ig11FD317_D3,VD2.1
0317_Merged,ig11FD317_D4,VD2.2
0317_Merged,ig11FD317_D5,PM21/22
0318_Merged,ig11FD318_D1,VD1.1
0318_Merged,ig11FD318_D2,VD1.2
0318_Merged,ig11FD318_D3,VD2.1
0318_Merged,ig11FD318_D4,VD2.2
0318_Merged,ig11FD318_D5,PM21/22
0319_Merged,ig11FD319_D1,VD1.1
0319_Merged,ig11FD319_D2,VD1.2
0319_Merged,ig11FD319_D3,VD2.1
0319_Merged,ig11FD319_D4,VD2.2
0319_Merged,ig11FD319_D5,D3
0319_Merged,ig11FD319_D6,D4
0319_Merged,ig11FD319_D7,PM21/22
0320_Merged,ig11FD320_D1,VD1.1
0320_Merged,ig11FD320_D2,VD1.2
0320_Merged,ig11FD320_D3,VD2.1
0320_Merged,ig11FD320_D4,VD2.2
0320_Merged,ig11FD320_D5,VD3.1
0320_Merged,ig11FD320_D6,VD4.1
0320_Merged,ig11FD320_D7,PM21/22
0321_Merged,ig11FD321_D1,VD1.1
0321_Merged,ig11FD321_D2,VD1.2
0321_Merged,ig11FD321_D3,VD2.1
0321_Merged,ig11FD321_D4,VD2.2
0321_Merged,ig11FD321_D5,PM21/22
0351_Merged,ig11FD351_D1,VD1.1
0351_Merged,ig11FD351_D2,VD1.2
0351_Merged,ig11FD351_D3,D1
0351_Merged,ig11FD351_D4,D2
0351_Merged,ig11FD351_D5,D3
0351_Merged,ig11FD351_D6,D4
0351_Merged,ig11FD351_D7,D5
0351_Merged,ig11FD351_D8,D6
0351_Merged,ig11FD351_D9,D7
352,ig11FD352_D1,VD1_1
352,ig11FD352_D2,VD1_2
352,ig11FD352_D3,VD1_3
352,ig11FD352_D4,VD2_1
352,ig11FD352_D5,VD2_2
352,ig11FD352_D6,VD2_3
352,ig11FD352_D7,VD3_1
352,ig11FD352_D8,VD3_2
352,ig11FD352_D9,VD4_1
352,ig11FD352_D10,VD4_2
352,ig11FD352_D11,VD5_1
352,ig11FD352_D12_PT1_R,VD5_2
352,ig11FD352_D13_PT1_D,VD6_1
352,ig11FD352_D14_PT2_R,VD6_2
352,ig11FD352_D15_PT2_D,VD7_1
352,ig11FD352_D16_PT1_Straight,VD7_2
352,ig11FD352_D17_PT2_Straight,VD8_1
352,ig11FD352_D18__PT1_R,VD8_2
352,ig11FD352_D19__PT1_D,VD9_1
352,ig11FD352_D20__PT2_R,VD9_2
352,ig11FD352_D21__PT2_D,VD10_1
352,ig11FD352_D22_VD10_2,VD10_2
352,ig11FD352_D23_PM10,PM10
352,ig11FD352_D24_DM11,DM11
352,ig11FD352_D25_PM12,PM12
352,ig11FD352_D26_DM13,DM13
352,ig11FD352_D27_PM14,PM14
352,ig11FD352_D28_DM15,DM15
352,ig11FD352_D29_PM16,PM16
352,ig11FD352_D30_DM17,DM17
352,ig11FD352_D31_PM18,PM18
352,ig11FD352_D32_DM19,DM19
352,ig11FD352_D33_PM20,PM20
352,ig11FD352_D34_DM21,DM21
353,ig11FD353_D1,VD1_1
353,ig11FD353_D2,VD1_2
353,ig11FD353_D3,VD1_3
353,ig11FD353_D4,VD2_1
353,ig11FD353_D5,VD2_2
353,ig11FD353_D6,VD2_3
353,ig11FD353_D7,VD3_1
353,ig11FD353_D8,VD3_2
353,ig11FD353_D9,VD3_3
353,ig11FD353_D10,VD4_1
353,ig11FD353_D11,VD4_2
353,ig11FD353_D12,VD4_3
353,ig11FD353_D17,VD6_2
353,ig11FD353_D13_PT1_R,VD5_1
353,ig11FD353_D14_PT1_D,VD5_2
353,ig11FD353_D15_PT2_R,VD5_3
353,ig11FD353_D16_PT2_D,VD6_1
353,ig11FD353_D18_PT3_D,VD6_3
353,ig11FD353_D19_PT4_R,VD7_1
353,ig11FD353_D20_PT4_D,VD7_2
353,ig11FD353_D21_PT1_Straight,VD8_1
353,ig11FD353_D22_PT2_Straight,VD8_2
353,ig11FD353_D23_PT3_Straight,PM9
353,ig11FD353_D24_PT4_Straight,DM10
353,ig11FD353_D25__PT1_R,PM11
353,ig11FD353_D26__PT1_D,DM12
353,ig11FD353_D27__PT2_R,PM13
353,ig11FD353_D28__PT2_D,DM14
353,ig11FD353_D29__PT3_R,PM15
353,ig11FD353_D30__PT3_D,DM16
353,ig11FD353_D31__PT4_R,PM17
353,ig11FD353_D32__PT4_D,DM18
353,ig11FD353_D33_VD9_1,VD9_1
353,ig11FD353_D34_VD10_1,VD10_1
353,ig11FD353_D35_VD10_2,VD10_2
0354_Merged,ig11FD354_D1,VD1.1
0354_Merged,ig11FD354_D2,VD1.2
0354_Merged,ig11FD354_D3,VD2.1
0354_Merged,ig11FD354_D4,VD2.2
0354_Merged,ig11FD354_D5,PM21/22
355,ig11FD355_D1,VD1.1
355,ig11FD355_D2,VD1.2
355,ig11FD355_D3,VD2.1
355,ig11FD355_D4,VD2.2
355,ig11FD355_D5,PM21/22
355,ig11FD355_D16,VD2.3
0356_Merged,ig11FD356_D1,VD1.1
0356_Merged,ig11FD356_D2,VD1.2
0356_Merged,ig11FD356_D3,VD2.1
0356_Merged,ig11FD356_D4,VD2.2
0356_Merged,ig11FD356_D5,PM21/22
0357_Merged,ig11FD357_D1,VD9.2
0357_Merged,ig11FD357_D2,VD1.1
0357_Merged,ig11FD357_D3,VD1.2
0357_Merged,ig11FD357_D4,VD2.1
0357_Merged,ig11FD357_D5,VD3.1
0357_Merged,ig11FD357_D6,VD4.1
0357_Merged,ig11FD357_D7,VD4.2
0357_Merged,ig11FD357_D8,VD4.3
0357_Merged,ig11FD357_D9,VD5.1
0357_Merged,ig11FD357_D10,PM21/22
0357_Merged,ig11FD357_D11,PM23/24
0357_Merged,ig11FD357_D22,VD9.1
0357_Merged,ig11FD357_D23,VD6.1
0357_Merged,ig11FD357_D24,VD6.2
0357_Merged,ig11FD357_D25,VD7.1
0357_Merged,ig11FD357_D26,VD8.1
0357_Merged,ig11FD357_D27,VD8.2
0357_Merged,ig11FD357_D28,PM25/26
0357_Merged,ig11FD357_D29,CyM12
0357_Merged,ig11FD357_D30,PM27/28
0358_Merged,ig11FD358_D1,D1
0358_Merged,ig11FD358_D2,D2
0358_Merged,ig11FD358_D3,D3
0358_Merged,ig11FD358_D4,D4
0358_Merged,ig11FD358_D5,D5
0358_Merged,ig11FD358_D6,D6
0358_Merged,ig11FD358_D7,D7
0358_Merged,ig11FD358_D8,D8
0358_Merged,ig11FD358_D9,D9
0358_Merged,ig11FD358_D10,D10
0358_Merged,ig11FD358_D11,D11
359,ig11FD359_D1_VD1_1,VD1_1
359,ig11FD359_D10_VD4_2,VD4_2
359,ig11FD359_D11_VD5_1,VD5_1
359,ig11FD359_D12_VD5_2,VD5_2
359,ig11FD359_D13_VD6_1,VD6_1
359,ig11FD359_D14_VD6_2,VD6_2
359,ig11FD359_D15_VD7_1,VD7_1
359,ig11FD359_D16_VD8_1,VD8_1
359,ig11FD359_D17_B6,B6
359,ig11FD359_D18_P7,P7
359,ig11FD359_D19_D8,D8
359,ig11FD359_D2_VD1_2,VD1_2
359,ig11FD359_D20_P9,P9
359,ig11FD359_D21_D10,D10
359,ig11FD359_D22_B11,B11
359,ig11FD359_D3_VD1_3,VD1_3
359,ig11FD359_D4_VD2_1,VD2_1
359,ig11FD359_D5_VD2_2,VD2_2
359,ig11FD359_D6_VD2_3,VD2_3
359,ig11FD359_D7_VD3_1,VD3_1
359,ig11FD359_D8_VD3_2,VD3_2
359,ig11FD359_D9_VD4_1,VD4_1
01036MetaloEisiskiu,ig12FD1036_D1,D1
01036MetaloEisiskiu,ig12FD1036_D2,D2
01036MetaloEisiskiu,ig12FD1036_D3,D3
01036MetaloEisiskiu,ig12FD1036_D4,PB4
Pilaites-Papilenu Str. Int.,ig12FD1037_D1,D1
Pilaites-Papilenu Str. Int.,ig12FD1037_D2,D2
Pilaites-Papilenu Str. Int.,ig12FD1037_D3,PB1
Pilaites-Papilenu Str. Int.,ig12FD1037_D4,PB2
Moletu-Skersines Int.,ig12FD1038_D1,VD1.1
Moletu-Skersines Int.,ig12FD1038_D2,VD1.2
Moletu-Skersines Int.,ig12FD1038_D3,VD2.1
Moletu-Skersines Int.,ig12FD1038_D4,VD2.2
Moletu-Skersines Int.,ig12FD1038_D5,VD3.2
Moletu-Skersines Int.,ig12FD1038_D6,VD4.2
Moletu-Skersines Int.,ig12FD1038_D7,VD5.1
Moletu-Skersines Int.,ig12FD1038_D8,VD5.2
Moletu-Skersines Int.,ig12FD1038_D9,VD6.1
Moletu-Skersines Int.,ig12FD1038_D10,VD6.2
Moletu-Skersines Int.,ig12FD1038_D11,VD7.1
Moletu-Skersines Int.,ig12FD1038_D12,VD8.1
Moletu-Skersines Int.,ig12FD1038_D13,PM1
Moletu-Skersines Int.,ig12FD1038_D14,PM2
Moletu-Skersines Int.,ig12FD1038_D15,PM3
Moletu-Skersines Int.,ig12FD1038_D16,PM4
1039,ig12FD1039_D1,D1
1039,ig12FD1039_D2,D2
1039,ig12FD1039_D3,D3
1039,ig12FD1039_D4,D4
1039,ig12FD1039_D5,D5
1039,ig12FD1039_D6,D6
1039,ig12FD1039_D7,D7
1039,ig12FD1039_D8,D8
1039,ig12FD1039_D9,D9
1039,ig12FD1039_D10,D10
1039,ig12FD1039_D11,D11
1039,ig12FD1039_D12,D12
1039,ig12FD1039_D13,D13
1039,ig12FD1039_D14,D14
1039,ig12FD1039_D15,D15
1039,ig12FD1039_D16,PM5
1039,ig12FD1039_D17,PM6
1039,ig12FD1039_D18,PM7
1039,ig12FD1039_D19,PM8
1039,ig12FD1039_D20,PM9
1039,ig12FD1039_D21,PM10
1039,ig12FD1039_D22,DM11
1040,ig12FD1040_D1,PM1
1040,ig12FD1040_D2,PM2
1040,ig12FD1040_D3,PM3
1040,ig12FD1040_D4,PM4
1040,ig12FD1040_D5,PM5
1040,ig12FD1040_D6,PM6
1040,ig12FD1040_D7,PM7
1040,ig12FD1040_D8,D1
1040,ig12FD1040_D9,D2
1040,ig12FD1040_D10,D3
1040,ig12FD1040_D11,VD3_1
1040,ig12FD1040_D12,VD4_1
1040,ig12FD1040_D13,VD4_2
1040,ig12FD1040_D14,VD5_1
1040,ig12FD1040_D15,VD5_2
1040,ig12FD1040_D16,VD6_1
1040,ig12FD1040_D17,VD6_2
1040,ig12FD1040_D18,VD7_1
1040,ig12FD1040_D19,VD7_2
1040,ig12FD1040_D20,VD2_1
1040,ig12FD1040_D21,VD2_2
1040,ig12FD1040_D22,VD1_1
1040,ig12FD1040_D23,VD1_2
1041,ig12FD1041_D1,VD1_1
1041,ig12FD1041_D2,VD1_2
1041,ig12FD1041_D3,VD2_1
1041,ig12FD1041_D4,VD2_2
1041,ig12FD1041_D5,VD3_1
1041,ig12FD1041_D6,VD3_2
1041,ig12FD1041_D7,VD3_3
1041,ig12FD1041_D8,VD4_1
1041,ig12FD1041_D9,VD4_2
1041,ig12FD1041_D10,VD4_3
1041,ig12FD1041_D11,VD5_1
1041,ig12FD1041_D12,VD5_2
1041,ig12FD1041_D13,VD5_3
1041,ig12FD1041_D14,VD6_1
1041,ig12FD1041_D15,VD6_2
1041,ig12FD1041_D16,VD6_3
1041,ig12FD1041_D17,PM1_1/1_2
1041,ig12FD1041_D18,PM2_1/2_2
1041,ig12FD1041_D19,PM3_1/3_2
1041,ig12FD1041_D20,Kor1
1041,ig12FD1041_D21,Kor2
1042,ig12FD1042_D1,M1
1042,ig12FD1042_D2,M2
1042,ig12FD1042_D3,M3
1042,ig12FD1042_D4,VD1_1
1042,ig12FD1042_D5,VD1_2
1042,ig12FD1042_D6,VD1_3
1042,ig12FD1042_D7,VD2_1
1042,ig12FD1042_D8,VD2_2_3
1042,ig12FD1042_D9,VD3_1
1042,ig12FD1042_D10,VD3_2
1042,ig12FD1042_D11,VD4_1
1042,ig12FD1042_D12,VD4_2
1042,ig12FD1042_D13,VD5_1
1042,ig12FD1042_D14,VD5_2
1042,ig12FD1042_D15,VD6_1
1042,ig12FD1042_D16,VD6_2
1043,ig12FD1043_D1,PM6
1043,ig12FD1043_D2,PM7
1043,ig12FD1043_D3,BM8
1043,ig12FD1043_D4,VD1
1043,ig12FD1043_D5,VD2
1043,ig12FD1043_D6,VD3
1043,ig12FD1043_D7,VD4
1043,ig12FD1043_D8,VD5
1043,ig12FD1043_D9,VD6
1043,ig12FD1043_D10,VD7
1043,ig12FD1043_D11,VD8
1043,ig12FD1043_D12,VD9
1043,ig12FD1043_D13,VD10
1043,ig12FD1043_D14,VD11
1043,ig12FD1043_D15,VD12
1043,ig12FD1043_D16,VD13
1043,ig12FD1043_D17,VD14
1049,ig12FD1049_D1,D1
1049,ig12FD1049_D2,D2
1049,ig12FD1049_D3,D3
1049,ig12FD1049_D4,D4
1049,ig12FD1049_D5,D5
1049,ig12FD1049_D6,D6
1049,ig12FD1049_D7,D7
1049,ig12FD1049_D8,D8
1049,ig12FD1049_D9,D9
1049,ig12FD1049_D10,D10
1049,ig12FD1049_D11,D11
1049,ig12FD1049_D12,D12
1049,ig12FD1049_D13,D13
1049,ig12FD1049_D14,D14
1049,ig12FD1049_D15,D15
1049,ig12FD1049_D16,D16
1049,ig12FD1049_D17,D17
1049,ig12FD1049_D18,D18
1049,ig12FD1049_D19,D19
1049,ig12FD1049_D20,D20
1049,ig12FD1049_D21,D21
1049,ig12FD1049_D22,D22
1049,ig12FD1049_D23,D23
1049,ig12FD1049_D24,D24
1049,ig12FD1049_D25,D25
1049,ig12FD1049_D26,D26
1049,ig12FD1049_D27,PMG3
1050,ig12FD1050_D1,M10
1050,ig12FD1050_D2,M11
1050,ig12FD1050_D3,M12
1050,ig12FD1050_D4,M13
1050,ig12FD1050_D5,M14
1050,ig12FD1050_D6,M15
1050,ig12FD1050_D7,M16
1050,ig12FD1050_D8,VD1_1
1050,ig12FD1050_D9,VD2_1
1050,ig12FD1050_D10,VD3_1
1050,ig12FD1050_D11,VD4_1
1050,ig12FD1050_D12,VD4_2
1050,ig12FD1050_D13,VD5_1
1050,ig12FD1050_D14,VD6_1
1050,ig12FD1050_D15,VD7_1
1050,ig12FD1050_D16,VD7_2
1050,ig12FD1050_D17,VD7_3
1050,ig12FD1050_D18,VD8_1
1050,ig12FD1050_D19,VD8_2
1050,ig12FD1050_D20,VD9_1
1050,ig12FD1050_D21,VD9_2
1050,ig12FD1050_D22,VD10_1
1050,ig12FD1050_D23,VD10_2
1050,ig12FD1050_D24,VD11_1
1050,ig12FD1050_D25,VD12_1
1050,ig12FD1050_D26,VD12_2
1050,ig12FD1050_D27,VD13_1
1050,ig12FD1050_D28,VD14_1
1050,ig12FD1050_D29,VD15_1
1050,ig12FD1050_D30,VD15_2
1050,ig12FD1050_D31,VD15_3
1050,ig12FD1050_D32,VD16_1
1050,ig12FD1050_D33,VD16_2
1052,ig12FD1052_D1,D1
1052,ig12FD1052_D2,D2
1052,ig12FD1052_D3,D3
1052,ig12FD1052_D4,D4
1052,ig12FD1052_D5,D5
1052,ig12FD1052_D6,D6
1052,ig12FD1052_D7,D7
1052,ig12FD1052_D8,D8
1052,ig12FD1052_D9,PB3
1052,ig12FD1052_D10,PB4
1053,ig12FD1053_D1,D1
1053,ig12FD1053_D2,D2
1053,ig12FD1053_D3,D3
1053,ig12FD1053_D4,D4
1053,ig12FD1053_D5,D5
1053,ig12FD1053_D6,D6
1053,ig12FD1053_D7,D7
1053,ig12FD1053_D8,D8
1053,ig12FD1053_D9,D9
1053,ig12FD1053_D10,D10
1053,ig12FD1053_D11,D11
1053,ig12FD1053_D12,D12
1053,ig12FD1053_D13,D13
1053,ig12FD1053_D14,D14
1053,ig12FD1053_D15,D15
1053,ig12FD1053_D16,D16
1053,ig12FD1053_D17,D17
1053,ig12FD1053_D18,D18
1053,ig12FD1053_D19,PB1
1053,ig12FD1053_D20,PB2
1053,ig12FD1053_D21,PB3
1053,ig12FD1053_D22,PB4
1054,ig12FD1054_D1,D1
1054,ig12FD1054_D2,D2
1054,ig12FD1054_D3,D3
1054,ig12FD1054_D4,D4
1054,ig12FD1054_D5,D5
1054,ig12FD1054_D6,D6
1054,ig12FD1054_D7,D7
1054,ig12FD1054_D8,D8
1054,ig12FD1054_D9,D9
1054,ig12FD1054_D10,D10
1054,ig12FD1054_D11,D11
1054,ig12FD1054_D12,D12
1054,ig12FD1054_D13,D13
1054,ig12FD1054_D14,D14
1054,ig12FD1054_D15,D15
1054,ig12FD1054_D16,PB1
1055,ig12FD1055_D1,D1
1055,ig12FD1055_D2,D2
1055,ig12FD1055_D3,D3
1055,ig12FD1055_D4,D4
1055,ig12FD1055_D5,D5
1055,ig12FD1055_D6,D6
1055,ig12FD1055_D7,D7
1055,ig12FD1055_D8,D8
1055,ig12FD1055_D9,D9
1055,ig12FD1055_D10,D10
1055,ig12FD1055_D11,D11
1055,ig12FD1055_D12,D12
1055,ig12FD1055_D13,D13
1055,ig12FD1055_D14,D14
1055,ig12FD1055_D15,D15
1055,ig12FD1055_D16,PB1
1055,ig12FD1055_D17,PB2
1055,ig12FD1055_D18,D17
1055,ig12FD1055_D19,D18
1055,ig12FD1055_D20,D19
1055,ig12FD1055_D21,D20
1055,ig12FD1055_D22,D21
1055,ig12FD1055_D23,D22
1055,ig12FD1055_D24,D24
1055,ig12FD1055_D25,D25
1056,ig12FD1056_D1,D1
1056,ig12FD1056_D2,D2
1056,ig12FD1056_D3,D3
1056,ig12FD1056_D4,D4
1056,ig12FD1056_D5,D5
1056,ig12FD1056_D6,D6
1056,ig12FD1056_D7,D7
1056,ig12FD1056_D8,D8
1056,ig12FD1056_D9,D9
1056,ig12FD1056_D10,PB5
1057,ig12FD1057_D1,PB1
1058,ig12FD1058_D1,PB1
1059,ig12FD1059_D1,D1
1059,ig12FD1059_D2,D2
1059,ig12FD1059_D3,D3
1059,ig12FD1059_D4,D4
1059,ig12FD1059_D5,D5
1059,ig12FD1059_D6,D6
1059,ig12FD1059_D7,PB4
1060,ig12FD1060_D1,D1
1060,ig12FD1060_D2,D2
1060,ig12FD1060_D3,D3
1060,ig12FD1060_D4,D4
1060,ig12FD1060_D5,D5
1060,ig12FD1060_D6,D6
1060,ig12FD1060_D7,D7
1060,ig12FD1060_D8,PB1
1060,ig12FD1060_D9,PB2
1061,ig12FD1061_D1,D1
1061,ig12FD1061_D2,D2
1061,ig12FD1061_D3,D3
1061,ig12FD1061_D4,D4
1061,ig12FD1061_D5,D5
1061,ig12FD1061_D6,D6
1061,ig12FD1061_D7,D7
1061,ig12FD1061_D8,PB3
1066,ig12FD1066_D1,VD1_1
1066,ig12FD1066_D2,VD1_2
1066,ig12FD1066_D3,VD1_3
1066,ig12FD1066_D4,ID1
1066,ig12FD1066_D5,ID2
1066,ig12FD1066_D6,VD2_1
1066,ig12FD1066_D7,VD2_2
1066,ig12FD1066_D8,ID3
1066,ig12FD1066_D10,P2_PM23_24
1066,ig12FD1066_D12,DOOR
1066,ig12FD1066_D13,MAINS
1067,ig12FD1067_D1,P1_PM21_22
1067,ig12FD1067_D2,DOOR
1067,ig12FD1067_D3,MAINS
1071,ig12FD1071_D1,ID1
1071,ig12FD1071_D2,ID2
1071,ig12FD1071_D3,P3_PM25_26
1071,ig12FD1071_D4,DOOR
1071,ig12FD1071_D5,MAINS
1073,ig12FD1073_D1,P1_PM21_22
1073,ig12FD1073_D2,DOOR
1073,ig12FD1073_D3,MAINS
1073,ig12FD1073_D4_Testas,Testas
253,ig12FD253_D1,VD1.1
253,ig12FD253_D2,VD1.2
253,ig12FD253_D3,VD1.3
253,ig12FD253_D4,VD2.1
253,ig12FD253_D5,VD2.2
253,ig12FD253_D6,VD2.3
253,ig12FD253_D7,VD3.1
253,ig12FD253_D8,VD3.2
253,ig12FD253_D9,VD3.3
253,ig12FD253_D10,VD4.1
253,ig12FD253_D11,VD4.2
253,ig12FD253_D12,VD4.3
253,ig12FD253_D13,VD5.1
253,ig12FD253_D14,VD5.2
253,ig12FD253_D15,VD6.1
253,ig12FD253_D16,VD6.2
253,ig12FD253_D17,D1
253,ig12FD253_D18,D2
253,ig12FD253_D19,PM21/22
253,ig12FD253_D20,BM21/22
253,ig12FD253_D21,PM23/24
253,ig12FD253_D22,BM23/24
0401_Merged,ig12FD401_D1,VD1.1
0401_Merged,ig12FD401_D2,VD1.2
0401_Merged,ig12FD401_D3,VD2.1
0401_Merged,ig12FD401_D4,VD3.1
0401_Merged,ig12FD401_D5,VD4.1
0401_Merged,ig12FD401_D6,VD4.2
0401_Merged,ig12FD401_D7,PM23/24
0402_Merged,ig12FD402_D1,VD1.1
0402_Merged,ig12FD402_D2,VD1.2
0402_Merged,ig12FD402_D3,VD2.1
0402_Merged,ig12FD402_D4,VD2.2
0402_Merged,ig12FD402_D5,VD2.3
0402_Merged,ig12FD402_D6,VD3.1
0402_Merged,ig12FD402_D7,VD3.2
0402_Merged,ig12FD402_D8,VD4.1
0402_Merged,ig12FD402_D9,P21/22
0402_Merged,ig12FD402_D10,B21/22
0403_Merged,ig12FD403_D1,VD1.1
0403_Merged,ig12FD403_D2,VD1.2
0403_Merged,ig12FD403_D3,VD1.3
0403_Merged,ig12FD403_D4,VD2.1
0403_Merged,ig12FD403_D5,VD3.1
0403_Merged,ig12FD403_D6,VD3.2
0403_Merged,ig12FD403_D7,VD4.1
0403_Merged,ig12FD403_D8,VD4.2
0403_Merged,ig12FD403_D9,VD5.1
0403_Merged,ig12FD403_D10,VD5.2
0403_Merged,ig12FD403_D11,VD5.3
0403_Merged,ig12FD403_D12,VD6.1
0403_Merged,ig12FD403_D13,PM21/22
0403_Merged,ig12FD403_D14,PM23/24
0403_Merged,ig12FD403_D15,PM29/30
0403_Merged,ig12FD403_D16,PM31/32
0404_Merged,ig12FD404_D1,VD1.1
0404_Merged,ig12FD404_D2,VD1.2
0404_Merged,ig12FD404_D3,VD1.3
0404_Merged,ig12FD404_D4,VD2.1
0404_Merged,ig12FD404_D5,VD2.2
0404_Merged,ig12FD404_D6,VD3.1
0404_Merged,ig12FD404_D7,VD3.2
0404_Merged,ig12FD404_D8,VD3.3
0404_Merged,ig12FD404_D9,VD4.1
0404_Merged,ig12FD404_D10,VD4.2
0404_Merged,ig12FD404_D11,VD4.3
0404_Merged,ig12FD404_D12,VD5.1
0404_Merged,ig12FD404_D13,VD5.2
0404_Merged,ig12FD404_D14,VD6.1
0404_Merged,ig12FD404_D15,VD6.2
0404_Merged,ig12FD404_D16,VD6.3
0404_Merged,ig12FD404_D17,VD7.1
0404_Merged,ig12FD404_D18,VD7.2
0404_Merged,ig12FD404_D19,D1
0404_Merged,ig12FD404_D20,D2
0405_Merged,ig12FD405_D1,D1
0405_Merged,ig12FD405_D2,D2
0405_Merged,ig12FD405_D3,D3
0405_Merged,ig12FD405_D4,D4
0405_Merged,ig12FD405_D5,D5
0405_Merged,ig12FD405_D6,D6
0405_Merged,ig12FD405_D7,D7
0405_Merged,ig12FD405_D8,D8
0405_Merged,ig12FD405_D9,D9
0405_Merged,ig12FD405_D10,D10
0405_Merged,ig12FD405_D11,D11
0405_Merged,ig12FD405_D12,D12
0405_Merged,ig12FD405_D13,D13
0405_Merged,ig12FD405_D14,D14
0405_Merged,ig12FD405_D15,D15
0405_Merged,ig12FD405_D16,PM23/24
0405_Merged,ig12FD405_D17,PM25/26
0405_Merged,ig12FD405_D18,PM29/30
0405_Merged,ig12FD405_D19,PM31/32
0406_Merged,ig12FD406_D1,VD1.1
0406_Merged,ig12FD406_D2,VD1.2
0406_Merged,ig12FD406_D3,VD2.1
0406_Merged,ig12FD406_D4,VD2.2
0406_Merged,ig12FD406_D5,PM21/22
0406_Merged,ig12FD406_D6,PM23/24
0407_Merged,ig12FD407_D1,VD1.1
0407_Merged,ig12FD407_D2,VD1.2
0407_Merged,ig12FD407_D3,VD1.3
0407_Merged,ig12FD407_D4,VD2.1
0407_Merged,ig12FD407_D5,VD2.2
0407_Merged,ig12FD407_D6,PM21/22
0407_Merged,ig12FD407_D7,PM23/24
0408_Merged,ig12FD408_D1,VD1.1
0408_Merged,ig12FD408_D2,VD1.2
0408_Merged,ig12FD408_D3,VD1.3
0408_Merged,ig12FD408_D4,VD2.1
0408_Merged,ig12FD408_D5,VD2.2
0408_Merged,ig12FD408_D6,VD3.1
0408_Merged,ig12FD408_D7,VD3.2
0408_Merged,ig12FD408_D8,VD4.1
0408_Merged,ig12FD408_D9,VD4.2
0408_Merged,ig12FD408_D10,VD5.1
0408_Merged,ig12FD408_D11,VD5.2
0408_Merged,ig12FD408_D12,VD5.3
0408_Merged,ig12FD408_D13,VD6.1
0408_Merged,ig12FD408_D14,VD7.1
0408_Merged,ig12FD408_D15,VD7.2
0408_Merged,ig12FD408_D16,VD8.1
0408_Merged,ig12FD408_D17,PM21/22
0408_Merged,ig12FD408_D18,PM23/24
0408_Merged,ig12FD408_D19,PM27/28
0408_Merged,ig12FD408_D20,PM29/30
0409_Merged,ig12FD409_D1,VD1.1
0409_Merged,ig12FD409_D2,VD1.2
0409_Merged,ig12FD409_D3,VD2.1
0409_Merged,ig12FD409_D4,VD2.2
0409_Merged,ig12FD409_D5,VD2.3
0409_Merged,ig12FD409_D6,VD3.1
0409_Merged,ig12FD409_D7,VD3.2
0409_Merged,ig12FD409_D8,VD3.3
0409_Merged,ig12FD409_D9,D1
0409_Merged,ig12FD409_D10,D2
0409_Merged,ig12FD409_D11,D3
0409_Merged,ig12FD409_D12,PM21/22
0409_Merged,ig12FD409_D13,PM25/26
0409_Merged,ig12FD409_D14,PM27/28
0410_Merged,ig12FD410_D1,VD1.1
0410_Merged,ig12FD410_D2,VD1.2
0410_Merged,ig12FD410_D3,VD1.3
0410_Merged,ig12FD410_D4,VD2.1
0410_Merged,ig12FD410_D5,VD2.2
0410_Merged,ig12FD410_D6,PM21/22
0410_Merged,ig12FD410_D7,PM23/24
0411_Merged,ig12FD411_D1,VD1.1
0411_Merged,ig12FD411_D2,VD1.2
0411_Merged,ig12FD411_D3,VD1.3
0411_Merged,ig12FD411_D4,VD2.1
0411_Merged,ig12FD411_D5,VD3.1
0411_Merged,ig12FD411_D6,VD3.2
0411_Merged,ig12FD411_D7,VD4.1
0411_Merged,ig12FD411_D8,VD4.2
0411_Merged,ig12FD411_D9,VD5.1
0411_Merged,ig12FD411_D10,VD5.2
0411_Merged,ig12FD411_D11,VD6.1
0411_Merged,ig12FD411_D12,VD6.2
0411_Merged,ig12FD411_D13,VD6.3
0411_Merged,ig12FD411_D14,PM21/22
0411_Merged,ig12FD411_D15,PM23/24
0412_Merged,ig12FD412_D1,VD1.1
0412_Merged,ig12FD412_D2,VD1.2
0412_Merged,ig12FD412_D3,VD1.3
0412_Merged,ig12FD412_D4,VD2.1
0412_Merged,ig12FD412_D5,VD3.1
0412_Merged,ig12FD412_D6,VD3.2
0412_Merged,ig12FD412_D7,VD3.3
0412_Merged,ig12FD412_D8,VD4.1
0412_Merged,ig12FD412_D9,VD5.1
0412_Merged,ig12FD412_D10,VD5.2
0412_Merged,ig12FD412_D11,VD6.1
0412_Merged,ig12FD412_D12,VD6.2
0412_Merged,ig12FD412_D13,VD7.1
0412_Merged,ig12FD412_D14,VD8.1
0412_Merged,ig12FD412_D15,VD8.2
0412_Merged,ig12FD412_D16,VD9.1
0412_Merged,ig12FD412_D17,VD9.2
0412_Merged,ig12FD412_D18,VD10.1
0412_Merged,ig12FD412_D19,VD10.2
0412_Merged,ig12FD412_D20,VD11.1
0412_Merged,ig12FD412_D21,VD11.2
0412_Merged,ig12FD412_D22,PM21/22
0412_Merged,ig12FD412_D23,PM23/24
0412_Merged,ig12FD412_D24,PM27/28
0412_Merged,ig12FD412_D25,PM29/30
0413_Merged,ig12FD413_D1,VD1.1
0413_Merged,ig12FD413_D2,VD1.2
0413_Merged,ig12FD413_D3,VD1.3
0413_Merged,ig12FD413_D4,VD2.1
0413_Merged,ig12FD413_D5,VD2.2
0413_Merged,ig12FD413_D6,VD2.3
0413_Merged,ig12FD413_D7,PM21/24
0413_Merged,ig12FD413_D8,PM22
0413_Merged,ig12FD413_D9,PM23
0414_Merged,ig12FD414_D1,VD1.1
0414_Merged,ig12FD414_D2,VD1.2
0414_Merged,ig12FD414_D3,VD2.1
0414_Merged,ig12FD414_D4,VD3.1
0414_Merged,ig12FD414_D5,VD3.2
0414_Merged,ig12FD414_D6,VD3.3
0414_Merged,ig12FD414_D7,PM21/22
0414_Merged,ig12FD414_D8,PM23/24
0415_Merged,ig12FD415_D1,VD1.1
0415_Merged,ig12FD415_D2,VD2.1
0415_Merged,ig12FD415_D3,VD2.2
0415_Merged,ig12FD415_D4,VD2.3
0415_Merged,ig12FD415_D5,VD3.1
0415_Merged,ig12FD415_D6,VD3.2
0415_Merged,ig12FD415_D7,VD3.3
0415_Merged,ig12FD415_D8,VD4.1
0415_Merged,ig12FD415_D9,VD5.1
0415_Merged,ig12FD415_D10,VD5.2
0415_Merged,ig12FD415_D11,VD5.3
0415_Merged,ig12FD415_D12,VD6.1
0415_Merged,ig12FD415_D13,VD6.2
0415_Merged,ig12FD415_D14,VD6.3
0415_Merged,ig12FD415_D15,PB1
0415_Merged,ig12FD415_D16,PB2
0415_Merged,ig12FD415_D17,PB3
0415_Merged,ig12FD415_D18,PB4
0451_Merged,ig12FD451_D1,D1
0451_Merged,ig12FD451_D2,D2
0451_Merged,ig12FD451_D3,D3
0451_Merged,ig12FD451_D4,D4
0451_Merged,ig12FD451_D5,D5
0451_Merged,ig12FD451_D6,D6
0451_Merged,ig12FD451_D7,D7
0451_Merged,ig12FD451_D8,D8
0451_Merged,ig12FD451_D9,D9
0451_Merged,ig12FD451_D10,D10
0451_Merged,ig12FD451_D11,D11
0451_Merged,ig12FD451_D12,PM23/24
0451_Merged,ig12FD451_D13,PM25/26
0501_Merged,ig12FD501_D1,VD1.1
0501_Merged,ig12FD501_D2,VD1.2
0501_Merged,ig12FD501_D3,VD2.1
0501_Merged,ig12FD501_D4,VD3.1
0501_Merged,ig12FD501_D5,VD4.1
0501_Merged,ig12FD501_D6,VD5.1
0501_Merged,ig12FD501_D7,VD6.1
0501_Merged,ig12FD501_D8,D1
0501_Merged,ig12FD501_D9,PM21/22
0501_Merged,ig12FD501_D10,PM25/26
0502_Merged,ig12FD502_D1,VD1.1
0502_Merged,ig12FD502_D2,VD1.2
0502_Merged,ig12FD502_D3,VD2.1
0502_Merged,ig12FD502_D4,VD3.1
0502_Merged,ig12FD502_D5,VD4.1
0502_Merged,ig12FD502_D6,VD4.2
0502_Merged,ig12FD502_D7,VD5.1
0502_Merged,ig12FD502_D8,VD5.2
0502_Merged,ig12FD502_D9,VD6.1
0502_Merged,ig12FD502_D10,VD7.1
0502_Merged,ig12FD502_D11,PM21/22
0502_Merged,ig12FD502_D12,PM25/26
0503_Merged,ig12FD503_D1,VD1.1
0503_Merged,ig12FD503_D2,VD1.2
0503_Merged,ig12FD503_D3,VD2.1
0503_Merged,ig12FD503_D4,VD3.1
0503_Merged,ig12FD503_D5,VD3.2
0503_Merged,ig12FD503_D6,VD4.1
0503_Merged,ig12FD503_D7,VD5.1
0503_Merged,ig12FD503_D8,VD6.1
0503_Merged,ig12FD503_D9,VD6.2
0503_Merged,ig12FD503_D10,VD7.1
0503_Merged,ig12FD503_D11,PM21/22
0503_Merged,ig12FD503_D12,PM25/26
0504_Merged,ig12FD504_D1,VD1.1
0504_Merged,ig12FD504_D2,VD1.2
0504_Merged,ig12FD504_D3,VD2.1
0504_Merged,ig12FD504_D4,VD2.2
0504_Merged,ig12FD504_D5,VD3.1
0504_Merged,ig12FD504_D6,VD3.2
0504_Merged,ig12FD504_D7,VD4.1
0504_Merged,ig12FD504_D8,VD5.1
0504_Merged,ig12FD504_D9,VD5.2
0505_Merged,ig12FD505_D1,VD1.1
0505_Merged,ig12FD505_D2,VD1.2
0505_Merged,ig12FD505_D3,VD1.3
0505_Merged,ig12FD505_D4,VD2.1
0505_Merged,ig12FD505_D5,VD2.2
0505_Merged,ig12FD505_D6,VD3.1
0505_Merged,ig12FD505_D7,PM21/22
0505_Merged,ig12FD505_D8,PM23/24
0505_Merged,ig12FD505_D9,PM25/26
0506_Merged,ig12FD506_D1,VD1.1
0506_Merged,ig12FD506_D2,VD2.1
0506_Merged,ig12FD506_D3,VD2.2
0506_Merged,ig12FD506_D4,VD2.3
0506_Merged,ig12FD506_D5,VD3.1
0506_Merged,ig12FD506_D6,VD3.2
0506_Merged,ig12FD506_D7,VD4.1
0506_Merged,ig12FD506_D8,D1
0506_Merged,ig12FD506_D9,D2
0506_Merged,ig12FD506_D10,PM21/22
0506_Merged,ig12FD506_D11,PM23/24
0506_Merged,ig12FD506_D12,PM25/26
0507_Merged,ig12FD507_D1,VD1.1
0507_Merged,ig12FD507_D2,VD1.2
0507_Merged,ig12FD507_D3,VD2.1
0507_Merged,ig12FD507_D4,VD3.1
0507_Merged,ig12FD507_D5,VD4.1
0507_Merged,ig12FD507_D6,VD5.1
0507_Merged,ig12FD507_D7,VD6.1
0507_Merged,ig12FD507_D8,VD6.2
0508_Merged,ig12FD508_D1,VD1.1
0508_Merged,ig12FD508_D2,VD2.1
0508_Merged,ig12FD508_D3,VD2.2
0508_Merged,ig12FD508_D4,VD3.1
0508_Merged,ig12FD508_D5,VD4.1
0508_Merged,ig12FD508_D6,VD5.1
0508_Merged,ig12FD508_D7,VD5.2
0508_Merged,ig12FD508_D8,VD6.1
0508_Merged,ig12FD508_D9,D1
0508_Merged,ig12FD508_D10,PM21/22
0508_Merged,ig12FD508_D11,PM25/26
0509_Merged,ig12FD509_D1,VD1.1
0509_Merged,ig12FD509_D2,VD2.1
0509_Merged,ig12FD509_D3,VD2.2
0509_Merged,ig12FD509_D4,VD3.1
0509_Merged,ig12FD509_D5,VD3.2
0509_Merged,ig12FD509_D6,VD4.1
0509_Merged,ig12FD509_D7,VD4.2
0509_Merged,ig12FD509_D8,PM23/24
510,ig12FD510_D1,VD1.1
510,ig12FD510_D2,VD1.2
510,ig12FD510_D3,VD2.1
510,ig12FD510_D4,VD3.1
510,ig12FD510_D5,VD4.1
510,ig12FD510_D6,VD5.1
0511_Merged,ig12FD511_D1,VD1.1
0511_Merged,ig12FD511_D2,VD2.1
0511_Merged,ig12FD511_D3,VD2.2
0511_Merged,ig12FD511_D4,VD2.3
0511_Merged,ig12FD511_D5,VD3.1
0511_Merged,ig12FD511_D6,VD4.1
0512_Merged,ig12FD512_D1,VD1.1
0512_Merged,ig12FD512_D2,VD1.2
0512_Merged,ig12FD512_D3,VD1.3
0512_Merged,ig12FD512_D4,VD2.1
0512_Merged,ig12FD512_D5,PM21/22
513,ig12FD513_D1,VD1.1
513,ig12FD513_D2,VD2.1
513,ig12FD513_D3,VD2.2
513,ig12FD513_D4,VD3.1
513,ig12FD513_D5,VD4.1
513,ig12FD513_D6,VD5.1
513,ig12FD513_D7,VD6.1
513,ig12FD513_D8,VD7.1
513,ig12FD513_D9,VD7.2
513,ig12FD513_D10,VD8.1
513,ig12FD513_D11,VD9.1
513,ig12FD513_D12,VD10.1
513,ig12FD513_D13,VD11.1
513,ig12FD513_D14,VD12.1
513,ig12FD513_D15,PM21/22
513,ig12FD513_D16,PM23/24
513,ig12FD513_D17,PM29/30
0515_Merged,ig12FD515_D1,VD1.1
0515_Merged,ig12FD515_D2,VD2.1
0515_Merged,ig12FD515_D3,VD2.2
0515_Merged,ig12FD515_D4,VD3.1
0515_Merged,ig12FD515_D5,VD4.1
0515_Merged,ig12FD515_D6,VD5.1
0515_Merged,ig12FD515_D7,VD5.2
0515_Merged,ig12FD515_D8,PM23/24
0516_Merged,ig12FD516_D1,VD1.1
0516_Merged,ig12FD516_D2,VD1.2
0516_Merged,ig12FD516_D3,VD1.3
0516_Merged,ig12FD516_D4,VD2.1
0516_Merged,ig12FD516_D5,VD3.1
0516_Merged,ig12FD516_D6,VD4.1
0516_Merged,ig12FD516_D7,VD5.1
0516_Merged,ig12FD516_D8,PM21/22
0516_Merged,ig12FD516_D9,PM25/26
0517_Merged,ig12FD517_D1,VD1.1
0517_Merged,ig12FD517_D2,VD1.2
0517_Merged,ig12FD517_D3,VD1.3
0517_Merged,ig12FD517_D4,VD2.1
0517_Merged,ig12FD517_D5,VD3.1
0517_Merged,ig12FD517_D6,VD4.1
0517_Merged,ig12FD517_D7,VD5.1
0517_Merged,ig12FD517_D8,VD6.1
0517_Merged,ig12FD517_D9,VD7.1
0517_Merged,ig12FD517_D10,VD8.1
0517_Merged,ig12FD517_D11,VD8.2
0517_Merged,ig12FD517_D12,PM21/22
0517_Merged,ig12FD517_D13,PM25/26
0518_Merged,ig12FD518_D1,VD1.1
0518_Merged,ig12FD518_D2,VD2.1
0518_Merged,ig12FD518_D3,VD3.1
0518_Merged,ig12FD518_D4,VD4.1
0518_Merged,ig12FD518_D5,D1
0518_Merged,ig12FD518_D6,D2
0518_Merged,ig12FD518_D7,PM23/24
519,ig12FD519_D1,VD1.1
519,ig12FD519_D2,VD2.1
519,ig12FD519_D3,VD3.1
519,ig12FD519_D4,VD3.2
519,ig12FD519_D5,VD4.1
519,ig12FD519_D6,VD5.1
519,ig12FD519_D7,VD6.1
519,ig12FD519_D9,PM27/28
0520_Merged,ig12FD520_D1,VD1.1
0520_Merged,ig12FD520_D2,VD1.2
0520_Merged,ig12FD520_D3,VD2.1
0520_Merged,ig12FD520_D4,VD3.1
0520_Merged,ig12FD520_D5,VD3.2
0520_Merged,ig12FD520_D6,D1
0520_Merged,ig12FD520_D7,D2
0521_Merged,ig12FD521_D1,VD1.1
0521_Merged,ig12FD521_D2,VD2.1
0521_Merged,ig12FD521_D3,PM21/22
0522_Merged,ig12FD522_D1,VD1.1
0522_Merged,ig12FD522_D2,VD1.2
0522_Merged,ig12FD522_D3,VD1.3
0522_Merged,ig12FD522_D4,VD2.1
0522_Merged,ig12FD522_D5,VD2.2
0522_Merged,ig12FD522_D6,VD3.1
0522_Merged,ig12FD522_D7,VD3.2
0522_Merged,ig12FD522_D8,VD4.1
0522_Merged,ig12FD522_D9,VD4.2
0523_Merged,ig12FD523_D1,VD1.1
0523_Merged,ig12FD523_D2,VD2.1
0523_Merged,ig12FD523_D3,VD2.2
0523_Merged,ig12FD523_D4,VD3.1
0523_Merged,ig12FD523_D5,VD3.2
0523_Merged,ig12FD523_D6,VD4.1
0523_Merged,ig12FD523_D7,VD5.1
0523_Merged,ig12FD523_D18,PM23/24
0524_Merged,ig12FD524_D1,VD1.1
0524_Merged,ig12FD524_D2,VD1.2
0524_Merged,ig12FD524_D3,VD2.1
0524_Merged,ig12FD524_D4,VD2.2
0524_Merged,ig12FD524_D5,VD3.1
0524_Merged,ig12FD524_D6,D1
0524_Merged,ig12FD524_D7,PM23/24
0524_Merged,ig12FD524_D8,PM27/28
0525_Merged,ig12FD525_D1,VD1.1
0525_Merged,ig12FD525_D2,VD1.2
0525_Merged,ig12FD525_D3,VD2.1
0525_Merged,ig12FD525_D4,VD3.1
0525_Merged,ig12FD525_D5,VD4.1
0525_Merged,ig12FD525_D6,VD4.2
0525_Merged,ig12FD525_D7,VD5.1
0551_Merged,ig12FD551_D1,VD1.1
0551_Merged,ig12FD551_D2,VD2.1
0551_Merged,ig12FD551_D3,VD3.1
0551_Merged,ig12FD551_D4,VD3.2
0551_Merged,ig12FD551_D5,VD4.1
0552_Merged,ig12FD552_D1,VD1.1
0552_Merged,ig12FD552_D2,VD2.1
0552_Merged,ig12FD552_D3,VD3.1
0552_Merged,ig12FD552_D4,VD4.1
0552_Merged,ig12FD552_D5,VD5.1
0553_Merged,ig12FD553_D1,VD1.1
0553_Merged,ig12FD553_D2,VD2.1
0553_Merged,ig12FD553_D3,VD3.1
0553_Merged,ig12FD553_D4,VD4.1
0554_Merged,ig12FD554_D1,VD1.1
0554_Merged,ig12FD554_D2,VD1.2
0554_Merged,ig12FD554_D3,VD2.1
0554_Merged,ig12FD554_D4,VD2.2
0554_Merged,ig12FD554_D5,VD3.1
0554_Merged,ig12FD554_D6,VD3.2
0554_Merged,ig12FD554_D7,VD4.1
0554_Merged,ig12FD554_D8,VD5.1
0554_Merged,ig12FD554_D9,VD5.2
0555_Merged,ig12FD555_D1,VD1.1
0555_Merged,ig12FD555_D2,VD1.2
0555_Merged,ig12FD555_D3,VD2.1
0555_Merged,ig12FD555_D4,VD2.2
0555_Merged,ig12FD555_D5,VD2.3
0555_Merged,ig12FD555_D6,VD3.1
0555_Merged,ig12FD555_D7,VD3.2
0555_Merged,ig12FD555_D8,VD4.1
0555_Merged,ig12FD555_D9,VD4.2
0555_Merged,ig12FD555_D10,VD5.1
0555_Merged,ig12FD555_D11,VD6.1
0555_Merged,ig12FD555_D12,VD6.2
0555_Merged,ig12FD555_D13,VD7.1
0556_Merged,ig12FD556_D1,VD1.1
0556_Merged,ig12FD556_D2,VD2.1
0556_Merged,ig12FD556_D3,VD3.1
0556_Merged,ig12FD556_D4,VD4.1
0601_Merged,ig12FD601_D1,D1
0601_Merged,ig12FD601_D2,D2
0601_Merged,ig12FD601_D3,D3
0601_Merged,ig12FD601_D4,D4
0601_Merged,ig12FD601_D5,D5
0601_Merged,ig12FD601_D6,D6
0601_Merged,ig12FD601_D7,D7
0601_Merged,ig12FD601_D8,D8
0601_Merged,ig12FD601_D9,D9
0601_Merged,ig12FD601_D10,D10
0601_Merged,ig12FD601_D11,D11
0601_Merged,ig12FD601_D12,D12
0601_Merged,ig12FD601_D13,D13
0601_Merged,ig12FD601_D14,D14
0601_Merged,ig12FD601_D15,D15
0601_Merged,ig12FD601_D16,D16
0601_Merged,ig12FD601_D17,D17
0601_Merged,ig12FD601_D18,D18
0601_Merged,ig12FD601_D19,D19
0601_Merged,ig12FD601_D20,D20
0601_Merged,ig12FD601_D21,D21
0602_Merged,ig12FD602_D1,VD1.1
0602_Merged,ig12FD602_D2,VD1.2
0602_Merged,ig12FD602_D3,VD2.1
0602_Merged,ig12FD602_D4,VD2.2
0602_Merged,ig12FD602_D5,VD3.1
0602_Merged,ig12FD602_D6,PM21/22
0602_Merged,ig12FD602_D7,PM23/24
603,ig12FD603_D1,VD1.1
603,ig12FD603_D2,VD1.2
603,ig12FD603_D3,VD2.1
603,ig12FD603_D4,VD2.2
603,ig12FD603_D5,VD3.1
603,ig12FD603_D6,VD3.2
603,ig12FD603_D7,VD3.3
603,ig12FD603_D8,VD4.1
603,ig12FD603_D9,VD4.2
603,ig12FD603_D10,VD5.1
603,ig12FD603_D11,VD5.2
603,ig12FD603_D12,PM25/26
603,ig12FD603_D13,PM27/28
603,ig12FD603_D14,PM29/30
603,ig12FD603_D45,VD6.1
0605_Merged,ig12FD605_D1,VD1.1
0605_Merged,ig12FD605_D2,VD1.2
0605_Merged,ig12FD605_D3,VD2.1
0605_Merged,ig12FD605_D4,VD2.2
0605_Merged,ig12FD605_D5,PM21/22
0606_Merged,ig12FD606_D1,VD1.1
0606_Merged,ig12FD606_D2,VD1.2
0606_Merged,ig12FD606_D3,VD2.1
0606_Merged,ig12FD606_D4,VD3.1
0606_Merged,ig12FD606_D5,VD4.1
0606_Merged,ig12FD606_D6,VD5.1
0606_Merged,ig12FD606_D7,VD6.1
0606_Merged,ig12FD606_D8,VD6.2
0606_Merged,ig12FD606_D9,VD7.1
0606_Merged,ig12FD606_D10,VD8.1
0606_Merged,ig12FD606_D11,VD9.1
0606_Merged,ig12FD606_D12,PM21/22
0606_Merged,ig12FD606_D13,PM25/26
0607_Merged,ig12FD607_D1,VD1.1
0607_Merged,ig12FD607_D2,VD2.1
0607_Merged,ig12FD607_D3,VD3.1
0607_Merged,ig12FD607_D4,VD4.1
0607_Merged,ig12FD607_D5,VD5.1
0607_Merged,ig12FD607_D6,VD6.1
0607_Merged,ig12FD607_D7,VD7.1
0607_Merged,ig12FD607_D8,PM21/22
0607_Merged,ig12FD607_D9,PM25/26
0608_Merged,ig12FD608_D1,D1
0608_Merged,ig12FD608_D2,D2
0608_Merged,ig12FD608_D3,D3
0608_Merged,ig12FD608_D4,D4
0608_Merged,ig12FD608_D5,D5
0608_Merged,ig12FD608_D6,D6
0608_Merged,ig12FD608_D7,D7
0609_Merged,ig12FD609_D1,VD1.1
0609_Merged,ig12FD609_D2,VD2.1
0609_Merged,ig12FD609_D3,VD2.2
0609_Merged,ig12FD609_D4,VD3.1
0609_Merged,ig12FD609_D5,VD3.2
0609_Merged,ig12FD609_D6,VD4.1
0609_Merged,ig12FD609_D7,VD5.1
0609_Merged,ig12FD609_D8,VD5.2
0609_Merged,ig12FD609_D9,VD6.1
0610_Merged,ig12FD610_D1,VD1.1
0610_Merged,ig12FD610_D2,VD1.2
0610_Merged,ig12FD610_D3,VD2.1
0610_Merged,ig12FD610_D4,VD3.1
0610_Merged,ig12FD610_D5,VD3.2
0610_Merged,ig12FD610_D6,VD4.1
0610_Merged,ig12FD610_D7,PM21/22
0610_Merged,ig12FD610_D8,PM23/24
0610_Merged,ig12FD610_D9,PM27/28
0610_Merged,ig12FD610_D10,PM31/32
0610_Merged,ig12FD610_D11,VD2.2
0701_Merged,ig12FD701_D1,D1
0701_Merged,ig12FD701_D2,D2
0701_Merged,ig12FD701_D3,D3
0701_Merged,ig12FD701_D4,D4
0701_Merged,ig12FD701_D5,D5
0701_Merged,ig12FD701_D6,D6
0701_Merged,ig12FD701_D7,D7
0702_Merged,ig12FD702_D1,D1
0702_Merged,ig12FD702_D2,D2
0702_Merged,ig12FD702_D3,D3
0702_Merged,ig12FD702_D4,D4
0702_Merged,ig12FD702_D5,D5
0702_Merged,ig12FD702_D6,D6
0702_Merged,ig12FD702_D7,D7
0702_Merged,ig12FD702_D8,D8
0702_Merged,ig12FD702_D9,D9
0702_Merged,ig12FD702_D10,D10
0702_Merged,ig12FD702_D11,D11
0702_Merged,ig12FD702_D12,D12
0702_Merged,ig12FD702_D13,D13
0702_Merged,ig12FD702_D14,D14
0702_Merged,ig12FD702_D15,D15
0702_Merged,ig12FD702_D16,D16
0702_Merged,ig12FD702_D17,PM21/22
0702_Merged,ig12FD702_D18,PM23/24
0721_Merged,ig12FD721_D1,VD1.1
0721_Merged,ig12FD721_D2,VD2.1
0721_Merged,ig12FD721_D3,VD3.1
0721_Merged,ig12FD721_D4,VD4.1
0721_Merged,ig12FD721_D5,VD5.1
0721_Merged,ig12FD721_D6,VD5.2
0721_Merged,ig12FD721_D7,D1
0721_Merged,ig12FD721_D8,VD6.1
0787_Merged,ig12FD787_D1,VD1.1
0787_Merged,ig12FD787_D2,VD1.2
0787_Merged,ig12FD787_D3,VD2.1
0787_Merged,ig12FD787_D4,VD3.1
0787_Merged,ig12FD787_D5,VD3.2
0787_Merged,ig12FD787_D6,VD4.1
0787_Merged,ig12FD787_D7,VD5.1
0787_Merged,ig12FD787_D8,VD6.1
0787_Merged,ig12FD787_D9,VD6.2
0787_Merged,ig12FD787_D10,VD7.1
0787_Merged,ig12FD787_D11,VD8.1
0787_Merged,ig12FD787_D12,VD8.2
0787_Merged,ig12FD787_D13,VD9.1
0787_Merged,ig12FD787_D14,VD10.1
0787_Merged,ig12FD787_D15,PB21/22
0787_Merged,ig12FD787_D16,PB23/24
0787_Merged,ig12FD787_D17,PB25/26
1001,ig13FD1001_D1,VD1.1
1001,ig13FD1001_D2,VD2.1
1001,ig13FD1001_D3,PM21/22
1002_Merged,ig13FD1002_D1,VD1.1
1002_Merged,ig13FD1002_D2,VD1.2
1002_Merged,ig13FD1002_D3,VD2.1
1002_Merged,ig13FD1002_D4,VD2.2
1002_Merged,ig13FD1002_D5,PM21/22
1003,ig13FD1003_D1,D1
1003,ig13FD1003_D2,D2
1003,ig13FD1003_D3,D3
1003,ig13FD1003_D4,D4
1003,ig13FD1003_D5,D5
1003,ig13FD1003_D6,D6
1003,ig13FD1003_D7,D7
1003,ig13FD1003_D8,D8
1003,ig13FD1003_D9,D9
1003,ig13FD1003_D10,D10
1003,ig13FD1003_D11,D11
1003,ig13FD1003_D12,PM23/24
1003,ig13FD1003_D13,PM25/26
1004,ig13FD1004_D1,VD1.1
1004,ig13FD1004_D2,VD1.2
1004,ig13FD1004_D3,VD2.1
1004,ig13FD1004_D4,VD2.2
1004,ig13FD1004_D5,PM21/22
1005,ig13FD1005_D1,VD1.1
1005,ig13FD1005_D2,VD2.1
1005,ig13FD1005_D3,VD3.1
1005,ig13FD1005_D4,D1
1005,ig13FD1005_D5,D2
1005,ig13FD1005_D6,D3
1005,ig13FD1005_D7,D4
1005,ig13FD1005_D8,D5
1005,ig13FD1005_D9,D6
1005,ig13FD1005_D10,D7
1005,ig13FD1005_D11,PM23/24
1005,ig13FD1005_D12,PM25/26
1006,ig13FD1006_D1,VD1.1
1006,ig13FD1006_D2,VD2.1
1006,ig13FD1006_D3,PM21/22
1007,ig13FD1007_D1,D1
1007,ig13FD1007_D2,D2
1007,ig13FD1007_D3,D3
1007,ig13FD1007_D4,D4
1007,ig13FD1007_D5,D5
1007,ig13FD1007_D6,D6
1007,ig13FD1007_D7,D7
1007,ig13FD1007_D8,D8
1007,ig13FD1007_D9,D9
1007,ig13FD1007_D10,D10
1007,ig13FD1007_D11,D11
1007,ig13FD1007_D12,PM21/22
1007,ig13FD1007_D13,PM25/26
1008,ig13FD1008_D1,D1
1008,ig13FD1008_D2,D2
1008,ig13FD1008_D3,D3
1008,ig13FD1008_D4,D4
1008,ig13FD1008_D5,D5
1008,ig13FD1008_D6,D6
1008,ig13FD1008_D7,D7
1008,ig13FD1008_D8,D8
1008,ig13FD1008_D9,PM39/40
1008,ig13FD1008_D10,PM41/42
1009,ig13FD1009_D1,VD1.1
1009,ig13FD1009_D2,VD1.2
1009,ig13FD1009_D3,VD1.3
1009,ig13FD1009_D4,VD2.1
1009,ig13FD1009_D5,VD2.2
1009,ig13FD1009_D6,VD3.1
1009,ig13FD1009_D7,VD3.2
1009,ig13FD1009_D8,VD4.1
1009,ig13FD1009_D9,VD4.2
1009,ig13FD1009_D10,VD5.1
1009,ig13FD1009_D11,VD5.2
1009,ig13FD1009_D12,VD6.1
1009,ig13FD1009_D13,VD6.2
1010,ig13FD1010_D1,D1
1010,ig13FD1010_D2,D2
1010,ig13FD1010_D3,D3
1010,ig13FD1010_D4,D4
1011,ig13FD1011_D1,VD1_1
1011,ig13FD1011_D2,VD1_2
1011,ig13FD1011_D3,VD1_3
1011,ig13FD1011_D4,VD2_1
1011,ig13FD1011_D5,VD2_2
1011,ig13FD1011_D6,VD2_3
1011,ig13FD1011_D7,VD3_1
1011,ig13FD1011_D8,VD3_2
1011,ig13FD1011_D9,VD3_3
1011,ig13FD1011_D10,VD4_1
1011,ig13FD1011_D11,VD4_2
1011,ig13FD1011_D12,VD4_3
1011,ig13FD1011_D13,VD5_1
1011,ig13FD1011_D14,VD5_2
1011,ig13FD1011_D15,VD6_1
1011,ig13FD1011_D17,PM6
1011,ig13FD1011_D18,PM7
1011,ig13FD1011_D19,DM8
1011,ig13FD1011_D20,DM9
1013,ig13FD1013_D1,VD1.1
1013,ig13FD1013_D2,VD2.1
1013,ig13FD1013_D3,VD3.1
1013,ig13FD1013_D4,VD4.1
1014,ig13FD1014_D1,D1
1014,ig13FD1014_D2,D2
1014,ig13FD1014_D3,D3
1014,ig13FD1014_D4,D4
1014,ig13FD1014_D5,D5
1014,ig13FD1014_D6,D6
1014,ig13FD1014_D7,D7
1014,ig13FD1014_D8,D8
1014,ig13FD1014_D9,D9
1014,ig13FD1014_D10,D10
1015,ig13FD1015_D1,VD1.1
1015,ig13FD1015_D2,VD2.1
1015,ig13FD1015_D3,PM21/22
1016,ig13FD1016_D1,D1
1016,ig13FD1016_D2,D2
1016,ig13FD1016_D3,D3
1016,ig13FD1016_D4,D4
1016,ig13FD1016_D5,D5
1016,ig13FD1016_D6,D6
1016,ig13FD1016_D7,D7
1016,ig13FD1016_D8,D8
1016,ig13FD1016_D9,D9
1016,ig13FD1016_D10,PM21/22
1016,ig13FD1016_D11,PM23/24
1017,ig13FD1017_D1,VD1.1
1017,ig13FD1017_D2,VD2.1
1017,ig13FD1017_D3,PM21/22
1018,ig13FD1018_D1,D1
1018,ig13FD1018_D2,D2
1018,ig13FD1018_D3,D3
1018,ig13FD1018_D4,D4
1018,ig13FD1018_D5,D5
1018,ig13FD1018_D6,D6
1018,ig13FD1018_D7,D7
1018,ig13FD1018_D8,D8
1018,ig13FD1018_D9,PM21/22
1019,ig13FD1019_D1,VD1.1
1019,ig13FD1019_D2,VD1.2
1019,ig13FD1019_D3,VD2.1
1019,ig13FD1019_D4,VD3.1
1019,ig13FD1019_D5,VD3.2
1019,ig13FD1019_D6,VD4.1
1019,ig13FD1019_D7,PM21/22
1019,ig13FD1019_D8,PM25/26
1020,ig13FD1020_D1,VD1.1
1020,ig13FD1020_D2,VD2.1
1020,ig13FD1020_D3,PM21/22
01021_Merged,ig13FD1021_D1,VD1.1
01021_Merged,ig13FD1021_D2,VD1.2
01021_Merged,ig13FD1021_D3,VD2.1
01021_Merged,ig13FD1021_D4,VD2.2
01021_Merged,ig13FD1021_D5,PM21/22
01021_Merged,ig13FD1021_D6,PM23/24
1023,ig13FD1023_D1,VD1.1
1023,ig13FD1023_D2,VD2.1
1023,ig13FD1023_D3,PM21/22
1024,ig13FD1024_D1,VD1.1
1024,ig13FD1024_D2,VD1.2
1024,ig13FD1024_D3,VD2.1
1024,ig13FD1024_D4,VD2.2
1024,ig13FD1024_D5,PM21
1024,ig13FD1024_D6,PM22
1024,ig13FD1024_D7,PM23
1024,ig13FD1024_D8,PM24
1025,ig13FD1025_D1,VD1_1
1025,ig13FD1025_D2,VD1_2
1025,ig13FD1025_D3,VD1_3
1025,ig13FD1025_D4,VD2_1
1025,ig13FD1025_D5,VD2_2
1025,ig13FD1025_D6,VD2_3
1025,ig13FD1025_D7,VD3_1
1025,ig13FD1025_D8,VD3_2
1026,ig13FD1026_D1,VD1.1
1026,ig13FD1026_D2,VD1.2
1026,ig13FD1026_D3,VD2.1
1026,ig13FD1026_D4,VD2.2
1026,ig13FD1026_D5,PM21/22
1027,ig13FD1027_D1,VD1.1
1027,ig13FD1027_D2,VD1.2
1027,ig13FD1027_D3,VD2.1
1027,ig13FD1027_D4,VD2.2
1027,ig13FD1027_D5,VD3.1
1027,ig13FD1027_D6,VD3.2
1027,ig13FD1027_D7,VD4.1
1027,ig13FD1027_D8,VD4.2
1028,ig13FD1028_D1,VD1.1
1028,ig13FD1028_D2,VD2.1
1028,ig13FD1028_D3,PM21/22
1029,ig13FD1029_D1,VD1.1
1029,ig13FD1029_D2,VD1.2
1029,ig13FD1029_D3,VD1.3
1029,ig13FD1029_D4,VD2.1
1029,ig13FD1029_D5,VD2.2
1029,ig13FD1029_D6,VD3.1
1029,ig13FD1029_D7,VD3.2
1029,ig13FD1029_D8,VD4.1
1029,ig13FD1029_D9,VD4.2
1029,ig13FD1029_D10,VD4.3
1030,ig13FD1030_D1,VD1.1
1030,ig13FD1030_D2,VD2.1
1030,ig13FD1030_D3,VD3.1
1030,ig13FD1030_D4,VD4.1
1032,ig13FD1032_D1,VD1.1
1032,ig13FD1032_D2,VD1.2
1032,ig13FD1032_D3,VD2.1
1032,ig13FD1032_D4,VD2.2
1032,ig13FD1032_D5,VD3.1
1032,ig13FD1032_D6,VD4.1
1032,ig13FD1032_D7,VD5.1
1032,ig13FD1032_D8,VD5.2
1032,ig13FD1032_D9,VD6.1
1032,ig13FD1032_D10,VD7.1
1032,ig13FD1032_D11,VD7.2
1032,ig13FD1032_D12,VD7.3
1032,ig13FD1032_D13,PM21/22
1032,ig13FD1032_D14,PM22/21
1032,ig13FD1032_D15,PM23/24
1032,ig13FD1032_D16,PM24/23
1033,ig13FD1033_D1,VD1.1
1033,ig13FD1033_D2,VD1.2
1033,ig13FD1033_D3,VD2.1
1033,ig13FD1033_D4,VD2.2
1033,ig13FD1033_D5,VD3.1
1033,ig13FD1033_D6,VD3.2
1033,ig13FD1033_D7,VD4.1
1033,ig13FD1033_D8,VD4.2
1033,ig13FD1033_D9,VD5.1
1033,ig13FD1033_D10,VD6.1
1033,ig13FD1033_D11,21/22PM
1035,ig13FD1035_D1,VD1.1
1035,ig13FD1035_D2,VD2.1
1035,ig13FD1035_D3,PM21/22
1035,ig13FD1035_D14,VD1.2
1035,ig13FD1035_D15,VD2.2
1035,ig13FD1035_D16,Radar
1044,ig13FD1044_D1,PM9
1044,ig13FD1044_D2,PM10
1044,ig13FD1044_D3,PM11
1044,ig13FD1044_D4,PM12
1044,ig13FD1044_D5,PM13
1044,ig13FD1044_D6,PM14
1044,ig13FD1044_D7,PM15
1044,ig13FD1044_D8,DM16
1044,ig13FD1044_D9,DM17
1044,ig13FD1044_D10,DM18
1044,ig13FD1044_D11,DM19
1044,ig13FD1044_D12,VD1_1
1044,ig13FD1044_D13,VD1_2
1044,ig13FD1044_D14,VD1_3
1044,ig13FD1044_D15,VD2_1
1044,ig13FD1044_D16,VD2_2
1044,ig13FD1044_D17,VD2_3
1044,ig13FD1044_D18,VD3_1
1044,ig13FD1044_D19,VD3_2
1044,ig13FD1044_D20,VD4_1
1044,ig13FD1044_D21,VD4_2
1044,ig13FD1044_D22,VD5_1
1044,ig13FD1044_D23,VD5_2
1044,ig13FD1044_D24,VD5_3
1044,ig13FD1044_D25,VD6_1
1044,ig13FD1044_D26,VD6_2
1044,ig13FD1044_D27,VD6_3
1044,ig13FD1044_D28,VD7_1
1044,ig13FD1044_D29,VD7_2
1044,ig13FD1044_D30,VD8_1
1044,ig13FD1044_D31,VD8_2
1045,ig13FD1045_D1,VD1_1
1045,ig13FD1045_D2,VD2_1
1045,ig13FD1045_D3,VD2_2
1045,ig13FD1045_D4,VD3_1
1045,ig13FD1045_D5,VD3_2
1045,ig13FD1045_D6,VD4_1
1045,ig13FD1045_D7,VD4_2
1045,ig13FD1045_D8,VD5_1
1045,ig13FD1045_D9,VD5_2
1045,ig13FD1045_D11,VD6_2
1045,ig13FD1045_D12,VD6_3
1045,ig13FD1045_D14,VD7_2
1045,ig13FD1045_D15,VD7_3
1045,ig13FD1045_D16,VD8_1
1045,ig13FD1045_D17,VD8_2
1045,ig13FD1045_D19,VD9_1
1045,ig13FD1045_D20,VD9_2
1045,ig13FD1045_D22,PM2122
1045,ig13FD1045_D23,PM2324
1045,ig13FD1045_D24,PM2526
1046,ig13FD1046_D1,PM1
1046,ig13FD1046_D2,PM2
1046,ig13FD1046_D3,PM3
1046,ig13FD1046_D4,PM4
1046,ig13FD1046_D5,DM1
1046,ig13FD1046_D6,PM5
1046,ig13FD1046_D7,PM6
1046,ig13FD1046_D8,PM7
1046,ig13FD1046_D9,PM8
1046,ig13FD1046_D10,DM2
1046,ig13FD1046_D11,VD1_1
1046,ig13FD1046_D12,VD1_2
1046,ig13FD1046_D13,VD1_3
1046,ig13FD1046_D14,VD2_1
1046,ig13FD1046_D15,VD2_2
1046,ig13FD1046_D16,VD2_3
1046,ig13FD1046_D17,VD3_1
1046,ig13FD1046_D18,VD3_2
1046,ig13FD1046_D19,VD3_3
1046,ig13FD1046_D20,VD4_1
1046,ig13FD1046_D21,VD4_2
1046,ig13FD1046_D22,VD4_3
1046,ig13FD1046_D23,VD5_1
1046,ig13FD1046_D24,VD5_2
1046,ig13FD1046_D25,VD5_3
1046,ig13FD1046_D26,VD6_1
1046,ig13FD1046_D27,VD6_2
1046,ig13FD1046_D28,VD6_3
1046,ig13FD1046_D29,VD7_1
1046,ig13FD1046_D30,VD7_2
1046,ig13FD1046_D31,VD8_1
1046,ig13FD1046_D32,VD8_2
1046,ig13FD1046_D33,D1
1046,ig13FD1046_D34,D2
1046,ig13FD1046_D35,D3
1046,ig13FD1046_D36,D4
1046,ig13FD1046_D37,D5
1046,ig13FD1046_D38,D6
1046,ig13FD1046_D39,D7
1046,ig13FD1046_D40,D8
1046,ig13FD1046_D41,D9
1046,ig13FD1046_D42,D10
1046,ig13FD1046_D43,D11
1046,ig13FD1046_D44,D12
1047,ig13FD1047_D1,VD1_1
1047,ig13FD1047_D2,VD1_2
1047,ig13FD1047_D3,VD2_1
1047,ig13FD1047_D4,PM1
1048,ig13FD1048_D1,PM8
1048,ig13FD1048_D2,PM10
1048,ig13FD1048_D3,VD1
1048,ig13FD1048_D4,VD2
1048,ig13FD1048_D5,VD3
1048,ig13FD1048_D6,VD4
1048,ig13FD1048_D7,VD5
1048,ig13FD1048_D8,VD6
1048,ig13FD1048_D9,VD7
1048,ig13FD1048_D10,VD8
1048,ig13FD1048_D11,VD9
1048,ig13FD1048_D12,VD10
1048,ig13FD1048_D13,VD11
1048,ig13FD1048_D14,VD12
1048,ig13FD1048_D15,VD13
1048,ig13FD1048_D16,VD14
1048,ig13FD1048_D17,VD15
1048,ig13FD1048_D18,VD16
1048,ig13FD1048_D19,VD17
1048,ig13FD1048_D20,VD18
1048,ig13FD1048_D21,VD19
1048,ig13FD1048_D22,VD20
1051,ig13FD1051_D1,VD1_1
1051,ig13FD1051_D2,VD1_2
1051,ig13FD1051_D3,VD2_1
1051,ig13FD1051_D4,VD2_2
1051,ig13FD1051_D5,VD3_1
1051,ig13FD1051_D6,VD3_2
1051,ig13FD1051_D7,VD4_1
1051,ig13FD1051_D8,VD4_2
1051,ig13FD1051_D9,VD5_1
1051,ig13FD1051_D10,VD5_2
1051,ig13FD1051_D11,VD6_1
1051,ig13FD1051_D12,VD6_2
1051,ig13FD1051_D13,VD7_1
1051,ig13FD1051_D14,VD7_2
1051,ig13FD1051_D15,VD8_1
1051,ig13FD1051_D16,VD8_2
1051,ig13FD1051_D17,VD9_1
1051,ig13FD1051_D18,VD9_2
1051,ig13FD1051_D19,VD10_1
1051,ig13FD1051_D20,VD10_2
1051,ig13FD1051_D21,VD11_1
1051,ig13FD1051_D22,PP8
1051,ig13FD1051_D23,PP9
1051,ig13FD1051_D24,PP10
1051,ig13FD1051_D25,PP11
1063,ig13FD1063_D1_VD1_1,VD1_1
1063,ig13FD1063_D10_VD4_2,VD4_2
1063,ig13FD1063_D11_VD5_1,VD5_1
1063,ig13FD1063_D12_VD5_2,VD5_2
1063,ig13FD1063_D13_VD6_1,VD6_1
1063,ig13FD1063_D14_VD6_2,VD6_2
1063,ig13FD1063_D15_VD7_1,VD7_1
1063,ig13FD1063_D16_VD7_2,VD7_2
1063,ig13FD1063_D17_VD8_1,VD8_1
1063,ig13FD1063_D18_VD8_2,VD8_2
1063,ig13FD1063_D19_VD9_1,VD9_1
1063,ig13FD1063_D2_VD1_2,VD1_2
1063,ig13FD1063_D20_VD9_2,VD9_2
1063,ig13FD1063_D21_VD10_1,VD10_1
1063,ig13FD1063_D22_VD11_1,VD11_1
1063,ig13FD1063_D23_PM10,PM10
1063,ig13FD1063_D24_PM11,PM11
1063,ig13FD1063_D25_PM12,PM12
1063,ig13FD1063_D26_PM13,PM13
1063,ig13FD1063_D27_PM14,PM14
1063,ig13FD1063_D28_PM15,PM15
1063,ig13FD1063_D29_DM16,DM16
1063,ig13FD1063_D3_VD2_1,VD2_1
1063,ig13FD1063_D30_DM17,DM17
1063,ig13FD1063_D4_VD2_2,VD2_2
1063,ig13FD1063_D5_VD3_1,VD3_1
1063,ig13FD1063_D6_VD3_2,VD3_2
1063,ig13FD1063_D7_VD3_3,VD3_3
1063,ig13FD1063_D8_VD3_4,VD3_4
1063,ig13FD1063_D9_VD4_1,VD4_1
1064,ig13FD1064_D1_VD1_1,VD1_1
1064,ig13FD1064_D10_VD5_2,VD5_2
1064,ig13FD1064_D11_VD6_1,VD6_1
1064,ig13FD1064_D12_VD6_2,VD6_2
1064,ig13FD1064_D13_PM5,PM5
1064,ig13FD1064_D14_PM6,PM6
1064,ig13FD1064_D15_PM7,PM7
1064,ig13FD1064_D16_PM8,PM8
1064,ig13FD1064_D17_PM9,PM9
1064,ig13FD1064_D18_DM10,DM10
1064,ig13FD1064_D19_DM11,DM11
1064,ig13FD1064_D2_VD1_2,VD1_2
1064,ig13FD1064_D3_VD2_1,VD2_1
1064,ig13FD1064_D4_VD2_2,VD2_2
1064,ig13FD1064_D5_VD3_1,VD3_1
1064,ig13FD1064_D6_VD3_2,VD3_2
1064,ig13FD1064_D7_VD4_1,VD4_1
1064,ig13FD1064_D8_VD4_2,VD4_2
1064,ig13FD1064_D9_VD5_1,VD5_1
1065,ig13FD1065_D1,PM3
1065,ig13FD1065_D2,DM4
1065,ig13FD1065_D3,VD1_1
1065,ig13FD1065_D4,VD1_2
1065,ig13FD1065_D5,VD2_1
1065,ig13FD1065_D6,VD2_2
1065,ig13FD1065_D7,DP
1068,ig13FD1068_D1,ID1
1068,ig13FD1068_D2,ID2
1068,ig13FD1068_D3,ID3
1068,ig13FD1068_D5,ID5
1068,ig13FD1068_D6,ID6
1068,ig13FD1068_D7,ID7
1068,ig13FD1068_D8,ID8
1068,ig13FD1068_D9,ID9
1068,ig13FD1068_D10,ID10
1068,ig13FD1068_D11,ID11
1068,ig13FD1068_D12,ID12
1068,ig13FD1068_D13,ID13
1068,ig13FD1068_D14,ID14
1068,ig13FD1068_D15,ID15
1068,ig13FD1068_D16,ID16
1068,ig13FD1068_D17,P1_PM21_22
1068,ig13FD1068_D18,P2_PM23_24
1068,ig13FD1068_D19,P3_PM25_26
1068,ig13FD1068_D20,DOOR
1068,ig13FD1068_D21,MAINS
1069,ig13FD1069_D1,ID1
1069,ig13FD1069_D2,ID2
1069,ig13FD1069_D3,ID3
1069,ig13FD1069_D4,ID4
1069,ig13FD1069_D5,ID5
1069,ig13FD1069_D6,ID6
1069,ig13FD1069_D7,ID7
1069,ig13FD1069_D8,ID8
1069,ig13FD1069_D9,ID9
1069,ig13FD1069_D10,ID10
1069,ig13FD1069_D11,ID11
1069,ig13FD1069_D12,ID12
1069,ig13FD1069_D13,ID13
1069,ig13FD1069_D14,ID14
1069,ig13FD1069_D15,ID15
1069,ig13FD1069_D16,ID16
1069,ig13FD1069_D17,ID17
1069,ig13FD1069_D18,ID18
1069,ig13FD1069_D19,ID19
1069,ig13FD1069_D20,ID20
1069,ig13FD1069_D21,ID21
1069,ig13FD1069_D22,ID22
1069,ig13FD1069_D23,P1_PM21_22
1069,ig13FD1069_D24,P2_PM23_24
1069,ig13FD1069_D25,P3_PM25_26
1069,ig13FD1069_D26,P4_PM27_28
1069,ig13FD1069_D27,DOOR
1069,ig13FD1069_D28,MAINS
1070,ig13FD1070_D1,ID1
1070,ig13FD1070_D2,VD1_1
1070,ig13FD1070_D3,VD1_2
1070,ig13FD1070_D4,VD1_3
1070,ig13FD1070_D5,VD2_1
1070,ig13FD1070_D6,VD2_2
1070,ig13FD1070_D7,ID2
1070,ig13FD1070_D8,VD2_3
1070,ig13FD1070_D9,VD3_1
1070,ig13FD1070_D10,VD3_2
1070,ig13FD1070_D11,P1_PM21_22
1070,ig13FD1070_D12,DOOR
1070,ig13FD1070_D13,MAINS
1072,ig13FD1072_D1,VD1_1
1072,ig13FD1072_D2,VD1_2
1072,ig13FD1072_D3,ID1
1072,ig13FD1072_D4,ID2
1072,ig13FD1072_D5,VD2_1
1072,ig13FD1072_D6,P1_PM21_22
1072,ig13FD1072_D7,DOOR
1072,ig13FD1072_D8,MAINS
1074,ig13FD1074_D1_PM9,PM9
1074,ig13FD1074_D10_VD2_1,VD2_1
1074,ig13FD1074_D11_VD2_2,VD2_2
1074,ig13FD1074_D12_VD3_2,VD3_2
1074,ig13FD1074_D13_VD4_2,VD4_2
1074,ig13FD1074_D14_VD3_1,VD3_1
1074,ig13FD1074_D15_VD4_1,VD4_1
1074,ig13FD1074_D16_VD5_1,VD5_1
1074,ig13FD1074_D17_VD6_1,VD6_1
1074,ig13FD1074_D18_VD5_2,VD5_2
1074,ig13FD1074_D19_VD6_2,VD6_2
1074,ig13FD1074_D2_PM10,PM10
1074,ig13FD1074_D20_VD7_2,VD7_2
1074,ig13FD1074_D21_VD8_2,VD8_2
1074,ig13FD1074_D22_VD7_1,VD7_1
1074,ig13FD1074_D23_VD8_1,VD8_1
1074,ig13FD1074_D24_VD9_2,VD9_2
1074,ig13FD1074_D25_VD10_2,VD10_2
1074,ig13FD1074_D26_VD9_1,VD9_1
1074,ig13FD1074_D27_VD10_1,VD10_1
1074,ig13FD1074_D28_VD11_1,VD11_1
1074,ig13FD1074_D29_VD11_2,VD11_2
1074,ig13FD1074_D3_PM11,PM11
1074,ig13FD1074_D30_VD12_1,VD12_1
1074,ig13FD1074_D4_PM12,PM12
1074,ig13FD1074_D5_DM13,DM13
1074,ig13FD1074_D6_DM14,DM14
1074,ig13FD1074_D7_DM15,DM15
1074,ig13FD1074_D8_VD1_1,VD1_1
1074,ig13FD1074_D9_VD1_2,VD1_2
1075,ig13FD1075_D1_PM6,PM6
1075,ig13FD1075_D10_VD3_2,VD3_2
1075,ig13FD1075_D11_VD3_3,VD3_3
1075,ig13FD1075_D12_VD4_1,VD4_1
1075,ig13FD1075_D13_VD4_2,VD4_2
1075,ig13FD1075_D14_VD5_1,VD5_1
1075,ig13FD1075_D15_VD5_2,VD5_2
1075,ig13FD1075_D16_VD6_1,VD6_1
1075,ig13FD1075_D17_VD6_2,VD6_2
1075,ig13FD1075_D2_PM7,PM7
1075,ig13FD1075_D3_PM8,PM8
1075,ig13FD1075_D4_VD1_1,VD1_1
1075,ig13FD1075_D5_VD1_2,VD1_2
1075,ig13FD1075_D6_VD2_1,VD2_1
1075,ig13FD1075_D7_VD2_2,VD2_2
1075,ig13FD1075_D8_VD2_3,VD2_3
1075,ig13FD1075_D9_VD3_1,VD3_1
1076,ig13FD1076_D1,DOOR
1076,ig13FD1076_D2,VD1_1
1076,ig13FD1076_D3,VD1_2
1076,ig13FD1076_D4,VD2_1
1076,ig13FD1076_D5,VD2_2
1076,ig13FD1076_D6,PM3
1076,ig13FD1076_D7,PM4
1076,ig13FD1076_D8,DM5
1076,ig13FD1076_D9,DM6
1076,ig13FD1076_D10,GM1_1
1076,ig13FD1076_D11,GM1_2
1076,ig13FD1076_D12,GM2_1
1076,ig13FD1076_D13,GM2_2
1076,ig13FD1076_D14,MAINS
0261_Merged,ig13FD261_D1,VD1.1
0261_Merged,ig13FD261_D2,VD1.2
0261_Merged,ig13FD261_D3,VD2.1
0261_Merged,ig13FD261_D4,VD2.2
0261_Merged,ig13FD261_D5,VD3.1
0261_Merged,ig13FD261_D6,VD3.2
0261_Merged,ig13FD261_D7,VD4.1
0261_Merged,ig13FD261_D8,VD4.2
0261_Merged,ig13FD261_D9,VD5.1
0261_Merged,ig13FD261_D10,VD5.2
0261_Merged,ig13FD261_D11,VD6.1
0261_Merged,ig13FD261_D12,VD6.2
0261_Merged,ig13FD261_D13,VD6.3
0261_Merged,ig13FD261_D14,VD7.1
0261_Merged,ig13FD261_D15,PM21/22
0261_Merged,ig13FD261_D16,PM23/24
0261_Merged,ig13FD261_D17,PM25/26
0261_Merged,ig13FD261_D18,PM27/28
0740_Merged,ig13FD740_D1,VD1.1
0740_Merged,ig13FD740_D2,VD1.2
0740_Merged,ig13FD740_D3,VD1.3
0740_Merged,ig13FD740_D4,VD2.1
0740_Merged,ig13FD740_D5,VD2.2
0740_Merged,ig13FD740_D6,VD2.3
0740_Merged,ig13FD740_D7,VD3.1
0740_Merged,ig13FD740_D8,VD4.1
0740_Merged,ig13FD740_D9,VD4.2
0740_Merged,ig13FD740_D10,VD5.1
0740_Merged,ig13FD740_D11,VD5.2
0740_Merged,ig13FD740_D12,VD6.1
0740_Merged,ig13FD740_D13,VD6.2
0740_Merged,ig13FD740_D14,VD6.3
0740_Merged,ig13FD740_D15,VD7.1
0740_Merged,ig13FD740_D16,VD7.2
0740_Merged,ig13FD740_D17,PM21/22
0740_Merged,ig13FD740_D18,PM23/24
0741_Merged,ig13FD741_D1,D1
0741_Merged,ig13FD741_D2,D2
0741_Merged,ig13FD741_D3,D3
0741_Merged,ig13FD741_D4,D4
0741_Merged,ig13FD741_D5,D5
0741_Merged,ig13FD741_D6,D6
0741_Merged,ig13FD741_D7,D7
0741_Merged,ig13FD741_D8,D8
0741_Merged,ig13FD741_D9,D9
0741_Merged,ig13FD741_D10,D10
0741_Merged,ig13FD741_D11,D11
0741_Merged,ig13FD741_D12,D12
0741_Merged,ig13FD741_D13,D13
0741_Merged,ig13FD741_D14,D14
0741_Merged,ig13FD741_D15,D15
0741_Merged,ig13FD741_D16,D16
0741_Merged,ig13FD741_D17,D17
0741_Merged,ig13FD741_D18,D18
0742_Merged,ig13FD742_D1,VD1.1
0742_Merged,ig13FD742_D2,VD1.2
0742_Merged,ig13FD742_D3,VD1.3
0742_Merged,ig13FD742_D4,VD2.1
0742_Merged,ig13FD742_D5,VD3.1
0742_Merged,ig13FD742_D6,VD3.2
0742_Merged,ig13FD742_D7,VD3.3
0742_Merged,ig13FD742_D8,VD4.1
0742_Merged,ig13FD742_D9,VD4.2
0742_Merged,ig13FD742_D10,VD5.1
0742_Merged,ig13FD742_D11,VD5.2
0742_Merged,ig13FD742_D12,VD6.1
0742_Merged,ig13FD742_D13,PM25/26
0742_Merged,ig13FD742_D29,PM23/24
0742_Merged,ig13FD742_D30,VD4.3
0743_Merged,ig13FD743_D1,PM21/22
0743_Merged,ig13FD743_D2,PM23/24
0744_Merged,ig13FD744_D1,VD1.1
0744_Merged,ig13FD744_D2,VD1.2
0744_Merged,ig13FD744_D3,VD2.1
0744_Merged,ig13FD744_D4,VD2.2
0744_Merged,ig13FD744_D5,VD2.3
0744_Merged,ig13FD744_D6,VD3.1
0744_Merged,ig13FD744_D7,VD4.1
0744_Merged,ig13FD744_D8,VD4.2
761,ig13FD761_D1,D1
761,ig13FD761_D2,D2
761,ig13FD761_D3,D3
761,ig13FD761_D4,D4
761,ig13FD761_D5,D5
761,ig13FD761_D6,D6
761,ig13FD761_D7,PM21/22
761,ig13FD761_D8,D7
761,ig13FD761_D9,D8
761,ig13FD761_D10,D9
761,ig13FD761_D11,D10
761,ig13FD761_D12,PM29/30
761,ig13FD761_D13,D11
761,ig13FD761_D14,D12
761,ig13FD761_D15,D13
761,ig13FD761_D16,D14
761,ig13FD761_D17,PM35/36
761,ig13FD761_D18,D15
761,ig13FD761_D19,D16
761,ig13FD761_D20,D17
761,ig13FD761_D21,D18
0762_Merged,ig13FD762_D1,D1
0762_Merged,ig13FD762_D2,D2
0762_Merged,ig13FD762_D3,D3
0762_Merged,ig13FD762_D4,D4
0762_Merged,ig13FD762_D5,D5
0762_Merged,ig13FD762_D6,D6
0762_Merged,ig13FD762_D7,D7
0762_Merged,ig13FD762_D8,D8
0762_Merged,ig13FD762_D9,D9
0762_Merged,ig13FD762_D10,D10
0762_Merged,ig13FD762_D11,D11
0762_Merged,ig13FD762_D12,D12
0763_Merged,ig13FD763_D1,VD1.1
0763_Merged,ig13FD763_D2,VD1.2
0763_Merged,ig13FD763_D3,VD2.1
0763_Merged,ig13FD763_D4,VD2.2
0763_Merged,ig13FD763_D5,VD3.1
0763_Merged,ig13FD763_D6,VD3.2
0763_Merged,ig13FD763_D7,VD4.1
0763_Merged,ig13FD763_D8,VD4.2
0763_Merged,ig13FD763_D9,VD4.3
0763_Merged,ig13FD763_D10,VD5.1
0763_Merged,ig13FD763_D11,VD5.2
0763_Merged,ig13FD763_D12,VD6.1
0763_Merged,ig13FD763_D13,VD6.2
0764_Merged,ig13FD764_D1,D1
0764_Merged,ig13FD764_D2,D2
0764_Merged,ig13FD764_D3,D3
0764_Merged,ig13FD764_D4,D4
0764_Merged,ig13FD764_D5,D5
0764_Merged,ig13FD764_D6,D6
0764_Merged,ig13FD764_D7,D7
0764_Merged,ig13FD764_D8,D8
0764_Merged,ig13FD764_D9,D9
0764_Merged,ig13FD764_D10,D10
0764_Merged,ig13FD764_D11,D11
0764_Merged,ig13FD764_D12,PM23/24
0764_Merged,ig13FD764_D13,PM25/26
0765_Merged,ig13FD765_D1,VD1.1
0765_Merged,ig13FD765_D2,VD1.2
0765_Merged,ig13FD765_D3,VD2.1
0765_Merged,ig13FD765_D4,VD2.2
0765_Merged,ig13FD765_D5,VD3.1
0765_Merged,ig13FD765_D6,VD4.1
0765_Merged,ig13FD765_D7,VD5.1
0765_Merged,ig13FD765_D8,VD5.2
0765_Merged,ig13FD765_D9,VD6.1
0765_Merged,ig13FD765_D10,VD6.2
0765_Merged,ig13FD765_D11,VD7.1
0765_Merged,ig13FD765_D12,VD8.1
0765_Merged,ig13FD765_D13,VD8.2
0766_Merged,ig13FD766_D1,VD1.1
0766_Merged,ig13FD766_D2,VD1.2
0766_Merged,ig13FD766_D3,VD2.1
0766_Merged,ig13FD766_D4,VD2.2
0766_Merged,ig13FD766_D5,VD3.1
0766_Merged,ig13FD766_D6,VD3.2
0766_Merged,ig13FD766_D7,VD4.1
0766_Merged,ig13FD766_D8,VD4.2
0766_Merged,ig13FD766_D9,VD5.1
0766_Merged,ig13FD766_D10,VD5.2
0766_Merged,ig13FD766_D11,VD6.1
0766_Merged,ig13FD766_D12,VD6.2
0766_Merged,ig13FD766_D13,VD7.1
0766_Merged,ig13FD766_D14,VD7.2
0766_Merged,ig13FD766_D15,VD8.1
0766_Merged,ig13FD766_D16,VD8.2
0767_Merged,ig13FD767_D1,PM21/22
0767_Merged,ig13FD767_D2,PM23/24
0768_Merged,ig13FD768_D1,VD1.1
0768_Merged,ig13FD768_D2,VD1.2
0768_Merged,ig13FD768_D3,VD1.3
0768_Merged,ig13FD768_D4,VD2.1
0768_Merged,ig13FD768_D5,VD2.2
0768_Merged,ig13FD768_D6,VD3.1
0768_Merged,ig13FD768_D7,VD3.2
0768_Merged,ig13FD768_D8,VD4.1
0768_Merged,ig13FD768_D9,VD4.2
0768_Merged,ig13FD768_D10,VD5.1
0768_Merged,ig13FD768_D11,VD5.2
0781_Merged,ig13FD781_D1,D1
0781_Merged,ig13FD781_D2,D2
0781_Merged,ig13FD781_D3,D3
0781_Merged,ig13FD781_D4,D4
0781_Merged,ig13FD781_D5,D5
0781_Merged,ig13FD781_D6,D6
0781_Merged,ig13FD781_D7,D7
0781_Merged,ig13FD781_D8,D8
0781_Merged,ig13FD781_D9,D9
0782_Merged,ig13FD782_D1,VD1.1
0782_Merged,ig13FD782_D2,VD1.2
0782_Merged,ig13FD782_D3,VD1.3
0782_Merged,ig13FD782_D4,VD2.1
0782_Merged,ig13FD782_D5,VD2.2
0782_Merged,ig13FD782_D6,VD2.3
0782_Merged,ig13FD782_D7,VD2.4
0782_Merged,ig13FD782_D8,VD3.1
0782_Merged,ig13FD782_D9,VD3.2
0782_Merged,ig13FD782_D10,VD3.3
0782_Merged,ig13FD782_D11,VD4.1
0782_Merged,ig13FD782_D12,VD4.2
0782_Merged,ig13FD782_D13,VD4.3
0782_Merged,ig13FD782_D14,VD4.4
0783_Merged,ig13FD783_D1,VD1.1
0783_Merged,ig13FD783_D2,VD1.2
0783_Merged,ig13FD783_D3,VD2.1
0783_Merged,ig13FD783_D4,VD2.2
0783_Merged,ig13FD783_D5,VD2.3
0783_Merged,ig13FD783_D6,VD3.1
0783_Merged,ig13FD783_D7,VD4.1
0783_Merged,ig13FD783_D8,VD4.2
0783_Merged,ig13FD783_D9,PM21/22
0783_Merged,ig13FD783_D10,PM23/24
0784_Merged,ig13FD784_D1,D1
0784_Merged,ig13FD784_D2,D2
0784_Merged,ig13FD784_D3,D3
0784_Merged,ig13FD784_D4,D4
0784_Merged,ig13FD784_D5,D5
0784_Merged,ig13FD784_D6,D6
0784_Merged,ig13FD784_D7,D7
0784_Merged,ig13FD784_D8,D8
0784_Merged,ig13FD784_D9,D9
0784_Merged,ig13FD784_D10,D10
0784_Merged,ig13FD784_D11,D11
0784_Merged,ig13FD784_D12,D12
0784_Merged,ig13FD784_D13,D13
0784_Merged,ig13FD784_D14,D14
0784_Merged,ig13FD784_D15,D15
0784_Merged,ig13FD784_D16,D16
0784_Merged,ig13FD784_D17,D17
0785_Merged,ig13FD785_D1,VD1.1
0785_Merged,ig13FD785_D2,VD1.2
0785_Merged,ig13FD785_D3,VD1.3
0785_Merged,ig13FD785_D4,VD2.1
0785_Merged,ig13FD785_D5,VD2.2
0785_Merged,ig13FD785_D6,VD3.1
0785_Merged,ig13FD785_D7,VD3.2
0785_Merged,ig13FD785_D8,VD3.3
0785_Merged,ig13FD785_D9,VD4.1
0785_Merged,ig13FD785_D10,VD4.2
0786_Merged,ig13FD786_D1,VD1.1
0786_Merged,ig13FD786_D2,VD1.2
0786_Merged,ig13FD786_D3,VD2.1
0786_Merged,ig13FD786_D4,VD2.2
0786_Merged,ig13FD786_D5,VD3.1
0786_Merged,ig13FD786_D6,VD3.2
0801_Merged,ig13FD801_D1,VD1.1
0801_Merged,ig13FD801_D2,VD1.2
0801_Merged,ig13FD801_D3,VD2.1
0801_Merged,ig13FD801_D4,VD2.2
0801_Merged,ig13FD801_D5,VD3.1
0801_Merged,ig13FD801_D6,VD3.2
0801_Merged,ig13FD801_D7,VD4.1
0801_Merged,ig13FD801_D8,VD4.2
0801_Merged,ig13FD801_D9,VD5.1
0801_Merged,ig13FD801_D10,VD5.2
0801_Merged,ig13FD801_D11,VD6.1
0801_Merged,ig13FD801_D12,VD7.1
0801_Merged,ig13FD801_D13,VD7.2
0801_Merged,ig13FD801_D14,VD8.1
0801_Merged,ig13FD801_D15,VD8.2
0801_Merged,ig13FD801_D16,VD9.1
0801_Merged,ig13FD801_D17,VD9.2
0801_Merged,ig13FD801_D18,VD10.1
0801_Merged,ig13FD801_D19,VD10.2
0801_Merged,ig13FD801_D20,VD11.1
0801_Merged,ig13FD801_D21,VD11.2
0801_Merged,ig13FD801_D22,PM8
0801_Merged,ig13FD801_D23,PM8_
0801_Merged,ig13FD801_D24,PM10
0801_Merged,ig13FD801_D25,PM11
0801_Merged,ig13FD801_D26,DM12
0802_Merged,ig13FD802_D1,PM21/22
0802_Merged,ig13FD802_D2,PM23/24
0803_Merged,ig13FD803_D1,VD1.1
0803_Merged,ig13FD803_D2,VD1.2
0803_Merged,ig13FD803_D3,VD2.1
0803_Merged,ig13FD803_D4,VD3.1
0803_Merged,ig13FD803_D5,VD3.2
0803_Merged,ig13FD803_D6,VD3.3
0803_Merged,ig13FD803_D7,VD4.1
0803_Merged,ig13FD803_D8,VD4.2
0803_Merged,ig13FD803_D19,VD1.3
821,ig13FD821_D1,VD1.1
821,ig13FD821_D2,VD1.2
821,ig13FD821_D3,VD1.3
821,ig13FD821_D4,D1
821,ig13FD821_D5,D2
821,ig13FD821_D6,D3
821,ig13FD821_D7,D4
821,ig13FD821_D8,D5
821,ig13FD821_D9,D6
821,ig13FD821_D10,D7
821,ig13FD821_D11,D8
821,ig13FD821_D12,D9
822,ig13FD822_D1,PM21/22
823,ig13FD823_D1,VD1.1
823,ig13FD823_D2,VD1.2
823,ig13FD823_D3,VD1.3
823,ig13FD823_D4,VD2.1
823,ig13FD823_D5,VD2.2
823,ig13FD823_D6,VD2.3
823,ig13FD823_D7,VD3.1
823,ig13FD823_D8,VD3.2
823,ig13FD823_D9,VD4.1
823,ig13FD823_D10,VD4.2
823,ig13FD823_D11,VD4.3
823,ig13FD823_D12_PT1_R,VD5.1
823,ig13FD823_D13_PT1_D,VD6.1
823,ig13FD823_D14_PT2_R,VD7.1
823,ig13FD823_D15_PT2_D,VD8.1
824,ig13FD824_D1,VD1.1
824,ig13FD824_D2,VD1.2
824,ig13FD824_D3,VD1.3
824,ig13FD824_D4,VD2.1
824,ig13FD824_D5,VD2.2
824,ig13FD824_D6,VD3.1
824,ig13FD824_D7,VD3.2
824,ig13FD824_D8,PM25/26
824,ig13FD824_D9,PM27/28
825,ig13FD825_D1,VD1.1
825,ig13FD825_D2,VD1.2
825,ig13FD825_D3,VD2.1
825,ig13FD825_D4,VD2.2
825,ig13FD825_D5,VD2.3
825,ig13FD825_D6,VD3.1
825,ig13FD825_D7,VD3.2
825,ig13FD825_D8,VD4.1
825,ig13FD825_D9,VD4.2
825,ig13FD825_D10,VD4.3
826,ig13FD826_D1,PM21/22
826,ig13FD826_D2,PM23/24
826,ig13FD826_D3,DM/25/26
828,ig13FD828_D1,VD1.1
828,ig13FD828_D2,VD1.2
828,ig13FD828_D3,VD2.1
828,ig13FD828_D4,VD2.2
828,ig13FD828_D5,VD3.1
828,ig13FD828_D6,VD3.2
828,ig13FD828_D7,VD3.3
828,ig13FD828_D8,VD4.1
828,ig13FD828_D9,VD5.1
828,ig13FD828_D10,VD5.2
828,ig13FD828_D11,VD5.3
828,ig13FD828_D28_PM1,PM1
829,ig13FD829_D1,D1
829,ig13FD829_D2,D2
829,ig13FD829_D3,D3
829,ig13FD829_D4,D4
829,ig13FD829_D5,D5
829,ig13FD829_D6,D6
829,ig13FD829_D7,D7
829,ig13FD829_D8,PM21/22
829,ig13FD829_D9,PM23/24
830,ig13FD830_D1,D1
830,ig13FD830_D2,D2
830,ig13FD830_D3,D3
830,ig13FD830_D4,D4
830,ig13FD830_D5,D5
830,ig13FD830_D6,D6
830,ig13FD830_D7,D7
830,ig13FD830_D8,PM21/22
830,ig13FD830_D9,PM23/24
831,ig13FD831_D1,VD1.1
831,ig13FD831_D2,VD1.2
831,ig13FD831_D3,VD1.3
831,ig13FD831_D4,VD2.1
831,ig13FD831_D5,VD2.2
831,ig13FD831_D6,VD2.3
831,ig13FD831_D7,VD3.1
831,ig13FD831_D8,VD4.1
831,ig13FD831_D9,VD4.2
831,ig13FD831_D10,VD4.3
831,ig13FD831_D11,VD5.1
831,ig13FD831_D12,VD5.2
831,ig13FD831_D13,VD5.3
831,ig13FD831_D14,VD6.1
831,ig13FD831_D15,VD6.2
831,ig13FD831_D16,VD7.1
831,ig13FD831_D17,VD7.2
831,ig13FD831_D18,PM1
831,ig13FD831_D19,DM1
831,ig13FD831_D20,PM2
831,ig13FD831_D21,PM3
831,ig13FD831_D22,DM2
831,ig13FD831_D23,PM4
831,ig13FD831_D24,DM3
841,ig13FD841_D1,VD1.1
841,ig13FD841_D2,VD2.1
841,ig13FD841_D3,VD2.2
841,ig13FD841_D4,VD3.1
841,ig13FD841_D5,VD3.2
841,ig13FD841_D6,VD4.1
841,ig13FD841_D7,VD4.2
842,ig13FD842_D1,VD1.1
842,ig13FD842_D2,VD2.1
842,ig13FD842_D3,VD2.2
842,ig13FD842_D4,VD3.1
842,ig13FD842_D5,VD4.1
842,ig13FD842_D6,VD4.2
842,ig13FD842_D7,VD5.1
842,ig13FD842_D8,VD5.2
842,ig13FD842_D9,VD6.1
842,ig13FD842_D10,VD7.1
842,ig13FD842_D11,VD7.2
842,ig13FD842_D12,VD8.1
842,ig13FD842_D13,PM23/24
842,ig13FD842_D14,PM27/28
842,ig13FD842_D15,PM31/32
842,ig13FD842_D16,PM35/36
0861_Merged,ig13FD861_D1,VD1.1
0861_Merged,ig13FD861_D2,VD1.2
0861_Merged,ig13FD861_D3,VD2.1
0861_Merged,ig13FD861_D4,VD3.1
0861_Merged,ig13FD861_D5,VD3.2
0861_Merged,ig13FD861_D6,VD4.1
0861_Merged,ig13FD861_D7,VD4.2
0861_Merged,ig13FD861_D8,VD5.1
0861_Merged,ig13FD861_D9,VD6.1
0861_Merged,ig13FD861_D10,VD6.2
0861_Merged,ig13FD861_D11,PM21/22
0861_Merged,ig13FD861_D12,PM23/24
881,ig13FD881_D1,VD1.1
881,ig13FD881_D2,VD1.2
881,ig13FD881_D3,VD2.1
881,ig13FD881_D4,VD2.2
881,ig13FD881_D5,VD3.1
881,ig13FD881_D6,VD3.2
881,ig13FD881_D7,PM21/22
881,ig13FD881_D8,PM23/24
882,ig13FD882_D1,VD1.1
882,ig13FD882_D2,VD1.2
882,ig13FD882_D3,VD2.1
882,ig13FD882_D4,VD2.2
882,ig13FD882_D5,VD3.1
882,ig13FD882_D6,VD3.2
